月份,日期,开始时间,故障类别,持续时长（秒）
1,1,4549,A2,683
1,1,7668,A2,527
1,1,9476,A2,639
1,1,11935,A2,714
1,1,16520,A2,360
1,1,20227,A1,527
1,1,24379,A2,518
1,1,26724,A2,571
1,2,1924,A2,670
1,2,5261,A2,688
1,2,8357,A2,486
1,2,10117,A2,584
1,2,13487,A2,611
1,2,17010,A2,370
1,2,17657,A4,747
1,2,22846,A3,752
1,2,25074,A2,628
1,2,26479,A2,407
1,2,28734,A2,66
1,3,3241,A3,615
1,3,6837,A2,580
1,3,8166,A2,444
1,3,11645,A4,834
1,3,16409,A2,537
1,3,21574,A3,823
1,3,24762,A2,404
1,3,27687,A1,360
1,4,4087,A2,571
1,4,7081,A3,809
1,4,8344,A2,487
1,4,13962,A2,578
1,4,16409,A2,393
1,4,19819,A2,672
1,4,24159,A2,490
1,4,24936,A2,507
1,5,2212,A1,518
1,5,7503,A2,465
1,5,10198,A4,687
1,5,12446,A4,755
1,5,16396,A2,444
1,5,19059,A2,522
1,5,23715,A4,812
1,5,25146,A2,465
1,6,980,A3,868
1,6,4455,A4,695
1,6,8310,A2,549
1,6,9104,A2,590
1,6,11669,A1,583
1,6,16378,A4,628
1,6,17884,A2,502
1,6,18943,A4,880
1,6,22591,A2,519
1,6,26750,A2,437
1,6,28587,A2,213
1,7,3989,A2,582
1,7,7574,A2,457
1,7,9579,A3,625
1,7,15628,A2,428
1,7,17345,A3,615
1,7,23650,A2,397
1,8,3909,A4,821
1,8,7705,A4,615
1,8,8421,A2,533
1,8,12797,A2,517
1,8,15502,A4,605
1,8,17055,A2,538
1,8,20292,A4,648
1,8,25206,A2,458
1,8,25892,A4,682
1,9,1175,A2,593
1,9,3893,A4,683
1,9,6883,A1,370
1,9,8610,A2,456
1,9,9423,A2,627
1,9,13631,A4,798
1,9,15549,A4,748
1,9,18204,A2,388
1,9,19272,A3,617
1,9,22716,A2,574
1,9,26185,A4,749
1,9,27532,A2,472
1,10,2100,A1,407
1,10,6955,A4,650
1,10,8056,A2,439
1,10,10658,A2,680
1,10,15245,A3,846
1,10,17000,A2,428
1,10,18156,A2,648
1,10,23827,A4,833
1,10,25902,A2,418
1,11,1630,A2,719
1,11,5751,A2,659
1,11,8349,A2,501
1,11,15087,A2,692
1,11,16535,A2,522
1,11,20445,A2,553
1,11,23263,A4,728
1,11,25324,A2,572
1,12,1491,A1,416
1,12,7401,A2,541
1,12,9164,A4,673
1,12,15608,A2,494
1,12,19190,A1,444
1,12,20886,A2,704
1,12,24222,A2,412
1,13,3083,A4,693
1,13,5312,A2,614
1,13,8278,A2,481
1,13,11245,A3,840
1,13,15553,A4,776
1,13,17340,A2,375
1,13,21653,A4,629
1,13,22814,A4,887
1,13,26217,A2,410
1,13,28199,A4,601
1,14,1995,A1,537
1,14,6396,A3,800
1,14,8315,A2,527
1,14,15828,A2,525
1,14,19055,A2,615
1,14,23933,A2,511
1,14,26006,A3,602
1,15,2796,A4,644
1,15,4283,A2,482
1,15,8028,A3,757
1,15,12648,A2,566
1,15,15902,A2,487
1,15,16907,A2,412
1,15,17873,A3,792
1,15,22101,A2,560
1,15,25650,A2,586
1,15,27342,A2,590
1,16,6978,A2,414
1,16,14392,A2,561
1,16,21932,A2,515
1,17,1774,A4,829
1,17,7814,A2,454
1,17,11397,A2,507
1,17,15775,A2,558
1,17,18902,A2,512
1,17,23527,A4,662
1,17,24479,A2,537
1,18,2432,A4,788
1,18,3615,A2,668
1,18,7805,A3,666
1,18,9100,A2,575
1,18,10914,A2,708
1,18,16172,A2,542
1,18,17918,A2,576
1,18,20003,A4,759
1,18,23443,A4,844
1,18,24542,A2,572
1,18,27655,A2,575
1,19,3461,A4,855
1,19,5293,A3,853
1,19,8693,A2,432
1,19,10403,A4,688
1,19,14465,A4,642
1,19,17434,A2,371
1,19,18362,A4,614
1,19,24817,A2,543
1,19,25962,A2,546
1,20,5327,A1,404
1,20,7375,A2,431
1,20,12615,A2,602
1,20,15408,A2,544
1,20,22917,A2,589
1,20,27287,A3,837
1,21,6978,A2,488
1,21,12258,A4,791
1,21,15243,A2,525
1,21,22733,A2,432
1,22,637,A3,680
1,22,7658,A2,498
1,22,11621,A2,684
1,22,15819,A2,384
1,22,18626,A1,511
1,22,23700,A2,477
1,22,28685,A2,115
1,23,2169,A2,503
1,23,3243,A4,734
1,23,7949,A2,482
1,23,8704,A2,418
1,23,10228,A2,527
1,23,15145,A3,747
1,23,17382,A2,553
1,23,18114,A4,645
1,23,21870,A2,660
1,23,25428,A2,604
1,23,26837,A2,486
1,23,28044,A2,540
1,24,1448,A2,610
1,24,6524,A2,517
1,24,8091,A2,566
1,24,13263,A2,546
1,24,16182,A2,374
1,24,21764,A2,628
1,24,24177,A2,556
1,25,1952,A2,537
1,25,3893,A4,861
1,25,7536,A2,540
1,25,8916,A2,467
1,25,11855,A1,487
1,25,16835,A2,563
1,25,17587,A2,580
1,25,19896,A2,600
1,25,23079,A2,659
1,25,26209,A2,455
1,25,27056,A2,687
1,26,272,A2,594
1,26,3645,A2,697
1,26,6785,A2,618
1,26,8887,A2,527
1,26,11021,A4,675
1,26,12819,A2,532
1,26,16512,A4,616
1,26,18230,A2,417
1,26,19561,A4,809
1,26,22253,A4,853
1,26,25328,A2,544
1,26,27209,A2,550
1,26,28375,A2,425
1,27,2743,A2,648
1,27,4308,A2,587
1,27,8220,A2,549
1,27,12172,A3,789
1,27,14189,A4,867
1,27,17404,A2,454
1,27,21414,A2,567
1,27,23591,A2,510
1,27,25914,A2,418
1,27,27593,A3,795
1,28,2057,A2,599
1,28,6906,A3,630
1,28,8228,A2,573
1,28,9516,A1,507
1,28,14621,A2,703
1,28,17004,A2,420
1,28,19990,A4,742
1,28,22475,A4,701
1,28,25846,A2,516
1,28,27665,A3,780
1,29,1914,A4,808
1,29,4304,A4,879
1,29,6733,A2,509
1,29,9167,A2,483
1,29,11078,A2,610
1,29,15035,A3,891
1,29,16723,A2,683
1,29,18799,A2,421
1,29,21590,A4,656
1,29,24860,A2,680
1,29,27123,A1,448
1,29,27997,A2,385
1,30,3717,A3,865
1,30,7843,A2,409
1,30,11157,A2,600
1,30,13375,A1,465
1,30,16282,A2,510
1,30,23764,A2,537
1,30,24469,A2,555
1,31,2422,A1,444
1,31,7422,A2,446
1,31,12075,A2,583
1,31,15437,A2,556
1,31,20890,A4,769
1,31,23734,A2,396
2,1,2197,A2,650
2,1,5136,A2,701
2,1,8350,A2,543
2,1,9719,A2,518
2,1,15134,A4,877
2,1,17253,A2,432
2,1,18469,A2,690
2,1,22085,A2,549
2,1,25924,A2,480
2,1,27398,A2,486
2,1,28676,A1,124
2,2,1816,A4,773
2,2,5925,A1,465
2,2,8216,A2,386
2,2,10051,A2,692
2,2,16294,A2,514
2,2,19006,A2,546
2,2,21523,A4,878
2,2,25225,A2,485
2,2,27390,A2,510
2,3,3055,A4,864
2,3,7828,A2,370
2,3,9851,A1,590
2,3,14543,A3,780
2,3,16540,A2,420
2,3,21265,A2,709
2,3,24564,A2,710
2,3,25379,A2,383
2,4,1413,A2,650
2,4,5619,A2,524
2,4,8145,A2,460
2,4,9337,A4,646
2,4,13717,A2,533
2,4,16714,A2,564
2,4,19847,A2,554
2,4,22298,A2,708
2,4,25106,A2,494
2,4,26069,A2,438
2,5,35,A3,815
2,5,4223,A2,531
2,5,6504,A2,713
2,5,9044,A2,400
2,5,9696,A2,526
2,5,13225,A2,674
2,5,14676,A2,553
2,5,17883,A3,646
2,5,18829,A2,402
2,5,20131,A4,702
2,5,23013,A2,587
2,5,25182,A2,483
2,5,27989,A2,542
2,6,2057,A2,515
2,6,4659,A3,701
2,6,6742,A4,720
2,6,8935,A2,382
2,6,11613,A2,500
2,6,12873,A4,665
2,6,16852,A2,549
2,6,18003,A2,547
2,6,19523,A2,621
2,6,21985,A2,530
2,6,26547,A2,550
2,6,27251,A2,573
2,7,4693,A4,763
2,7,7734,A2,509
2,7,9878,A4,603
2,7,13890,A4,777
2,7,16595,A2,404
2,7,19828,A3,791
2,7,24776,A2,597
2,7,28324,A4,476
2,8,6971,A2,539
2,8,14482,A2,515
2,8,21935,A1,502
2,9,2043,A2,541
2,9,4545,A3,825
2,9,7413,A2,704
2,9,9055,A2,531
2,9,10587,A2,491
2,9,12360,A3,633
2,9,16247,A2,667
2,9,18076,A2,515
2,9,18892,A2,517
2,9,21250,A2,485
2,9,24241,A2,521
2,9,26856,A1,437
2,9,27824,A2,502
2,10,1679,A2,670
2,10,5405,A4,888
2,10,7378,A4,637
2,10,9159,A2,572
2,10,11429,A4,611
2,10,14917,A4,832
2,10,18139,A2,574
2,10,20614,A4,789
2,10,23135,A2,683
2,10,27178,A2,432
2,11,1077,A2,648
2,11,3315,A1,449
2,11,7704,A2,509
2,11,8605,A2,525
2,11,10313,A2,688
2,11,14571,A2,619
2,11,15453,A4,700
2,11,18123,A2,558
2,11,21089,A2,535
2,11,24008,A4,812
2,11,26259,A3,872
2,11,27872,A2,475
2,12,2981,A2,486
2,12,5714,A2,580
2,12,8037,A2,555
2,12,9978,A2,667
2,12,14254,A4,701
2,12,16821,A1,457
2,12,17417,A2,559
2,12,23016,A2,715
2,12,24340,A2,528
2,12,26191,A2,544
2,13,3184,A2,536
2,13,5162,A2,500
2,13,8028,A2,470
2,13,13318,A4,672
2,13,16135,A2,376
2,13,17519,A2,697
2,13,23697,A2,697
2,13,24905,A2,451
2,13,28276,A1,428
2,14,1417,A4,857
2,14,7821,A2,553
2,14,13485,A3,883
2,14,16250,A2,432
2,14,18597,A4,793
2,14,24440,A2,472
2,14,28553,A1,247
2,15,3465,A1,495
2,15,6633,A2,581
2,15,8047,A2,566
2,15,12134,A2,607
2,15,14834,A2,681
2,15,16866,A2,425
2,15,23165,A3,797
2,15,25067,A2,467
2,15,27229,A3,645
2,16,553,A3,736
2,16,3871,A2,571
2,16,7775,A1,533
2,16,8832,A2,547
2,16,13380,A4,694
2,16,16765,A2,555
2,16,17628,A2,390
2,16,19530,A2,515
2,16,23000,A3,632
2,16,26165,A2,421
2,16,28508,A4,292
2,17,1172,A4,732
2,17,4994,A2,520
2,17,6859,A3,864
2,17,9080,A2,375
2,17,9812,A2,631
2,17,12715,A4,693
2,17,15266,A2,538
2,17,18310,A2,417
2,17,20085,A2,537
2,17,21126,A2,600
2,17,23725,A4,861
2,17,27032,A2,572
2,17,28262,A2,538
2,18,3251,A4,791
2,18,7790,A2,477
2,18,8947,A3,675
2,18,10469,A3,727
2,18,16634,A2,528
2,18,18139,A4,853
2,18,22404,A2,629
2,18,25616,A2,408
2,18,27831,A1,538
2,19,2201,A4,668
2,19,3943,A2,530
2,19,7560,A2,680
2,19,8849,A2,538
2,19,11880,A1,458
2,19,15396,A2,661
2,19,16831,A4,685
2,19,18191,A2,486
2,19,20928,A4,722
2,19,25091,A3,885
2,19,27277,A2,571
2,20,4032,A3,639
2,20,6571,A4,691
2,20,8301,A2,499
2,20,10113,A4,779
2,20,16282,A4,868
2,20,17433,A2,511
2,20,21553,A4,826
2,20,25756,A2,542
2,21,1742,A2,558
2,21,5870,A2,619
2,21,7623,A2,628
2,21,8769,A2,404
2,21,14301,A4,869
2,21,16328,A2,550
2,21,17578,A2,431
2,21,22440,A2,508
2,21,24030,A4,660
2,21,26163,A2,377
2,22,2358,A2,526
2,22,5538,A3,751
2,22,7902,A4,872
2,22,9127,A2,510
2,22,11422,A2,555
2,22,16149,A2,626
2,22,17804,A2,574
2,22,19506,A1,456
2,22,23948,A4,620
2,22,25915,A2,595
2,22,27049,A2,468
2,23,3338,A2,483
2,23,7468,A2,373
2,23,11278,A2,518
2,23,15324,A2,537
2,23,21958,A2,572
2,23,23426,A2,498
2,24,336,A1,388
2,24,4766,A4,657
2,24,7491,A2,634
2,24,8643,A2,409
2,24,9966,A4,710
2,24,14428,A4,824
2,24,17551,A2,406
2,24,18780,A4,686
2,24,22073,A2,616
2,24,25619,A4,601
2,24,26832,A2,530
2,25,1862,A3,735
2,25,3513,A2,528
2,25,7902,A4,835
2,25,9069,A2,398
2,25,12792,A2,512
2,25,15782,A2,603
2,25,17218,A2,649
2,25,18224,A2,490
2,25,21185,A2,507
2,25,24745,A1,514
2,25,26714,A2,567
2,25,28548,A2,252
2,26,640,A4,798
2,26,7402,A4,890
2,26,8666,A2,433
2,26,16071,A2,382
2,26,16856,A4,632
2,26,21370,A3,729
2,26,24814,A2,472
2,26,26588,A2,671
2,27,1182,A2,719
2,27,3886,A4,834
2,27,7824,A2,515
2,27,9039,A2,524
2,27,11083,A3,813
2,27,15227,A2,665
2,27,16971,A3,697
2,27,18731,A2,402
2,27,20306,A4,666
2,27,24608,A2,525
2,27,27310,A2,579
2,27,28296,A1,439
2,28,6992,A2,428
2,28,14420,A2,525
2,28,21938,A2,423
2,28,27367,A1,428
3,1,35,A1,418
3,1,2619,A4,604
3,1,4934,A2,687
3,1,8358,A2,569
3,1,9249,A2,506
3,1,11548,A3,659
3,1,14873,A2,662
3,1,16165,A2,670
3,1,18578,A2,643
3,1,19354,A2,500
3,1,22157,A2,627
3,1,24409,A3,888
3,1,27208,A3,651
3,2,651,A3,754
3,2,3049,A2,660
3,2,7539,A1,394
3,2,8793,A2,402
3,2,10693,A2,493
3,2,13468,A2,672
3,2,15831,A4,845
3,2,18191,A2,375
3,2,20050,A2,681
3,2,21068,A3,846
3,2,24062,A2,480
3,2,27559,A2,553
3,3,1126,A2,595
3,3,4402,A2,590
3,3,7786,A3,896
3,3,9073,A2,412
3,3,10494,A3,660
3,3,13982,A1,522
3,3,16414,A2,648
3,3,18287,A2,422
3,3,20200,A2,703
3,3,23108,A2,680
3,3,24390,A2,624
3,3,27695,A2,513
3,4,1245,A2,492
3,4,2829,A2,508
3,4,4293,A4,628
3,4,7287,A4,672
3,4,8722,A4,610
3,4,9895,A2,458
3,4,11978,A3,870
3,4,13848,A2,480
3,4,15140,A2,552
3,4,17586,A4,880
3,4,20104,A4,734
3,4,21653,A2,643
3,4,24382,A2,589
3,4,26189,A2,660
3,4,28109,A2,573
3,5,279,A2,671
3,5,4198,A2,567
3,5,7083,A3,730
3,5,8624,A2,543
3,5,9496,A2,486
3,5,13248,A4,871
3,5,16321,A3,732
3,5,18571,A2,421
3,5,20028,A2,653
3,5,23005,A2,666
3,5,25414,A2,494
3,5,27347,A4,869
3,5,28639,A2,161
3,6,2656,A4,865
3,6,5169,A2,594
3,6,8102,A3,853
3,6,9304,A2,384
3,6,13115,A4,839
3,6,17258,A4,677
3,6,18197,A2,405
3,6,21934,A2,592
3,6,26117,A2,603
3,6,28337,A2,463
3,7,924,A1,368
3,7,6556,A1,572
3,7,7918,A2,586
3,7,13884,A4,896
3,7,16372,A2,439
3,7,21190,A4,641
3,7,24445,A2,466
3,7,26336,A4,801
3,8,4518,A4,680
3,8,7665,A2,401
3,8,15045,A2,578
3,8,20667,A4,639
3,8,23227,A2,508
3,9,2785,A2,597
3,9,4453,A2,652
3,9,8241,A2,700
3,9,13946,A2,571
3,9,16519,A2,529
3,9,18407,A3,659
3,9,22166,A2,635
3,9,24558,A2,539
3,9,25874,A2,574
3,9,28443,A2,357
3,10,1161,A2,707
3,10,4413,A4,737
3,10,6448,A2,672
3,10,9080,A2,515
3,10,11317,A2,557
3,10,13330,A2,624
3,10,15669,A2,691
3,10,18453,A2,498
3,10,19714,A2,516
3,10,22800,A1,541
3,10,25784,A1,494
3,10,26869,A4,835
3,10,28330,A2,470
3,11,2453,A4,790
3,11,4220,A1,412
3,11,7137,A2,644
3,11,8810,A2,476
3,11,12185,A3,740
3,11,16386,A4,737
3,11,17756,A2,449
3,11,20438,A2,480
3,11,23501,A2,524
3,11,25558,A2,548
3,11,26757,A2,498
3,12,545,A2,550
3,12,6027,A4,817
3,12,8345,A2,374
3,12,11260,A2,523
3,12,14450,A2,595
3,12,16830,A2,596
3,12,17766,A4,720
3,12,23235,A2,604
3,12,25446,A4,708
3,12,26437,A2,479
3,13,860,A2,707
3,13,3702,A2,531
3,13,6368,A2,521
3,13,8744,A2,513
3,13,9950,A2,669
3,13,13692,A2,671
3,13,15539,A2,681
3,13,18257,A2,487
3,13,19262,A2,547
3,13,22735,A2,522
3,13,25315,A2,517
3,13,27295,A2,560
3,13,28625,A2,175
3,14,2481,A4,806
3,14,7798,A2,539
3,14,9731,A3,721
3,14,16051,A2,516
3,14,17107,A3,613
3,14,24152,A2,538
3,15,909,A2,508
3,15,6527,A2,676
3,15,8155,A2,526
3,15,15674,A2,508
3,15,18247,A2,485
3,15,22659,A2,527
3,15,24194,A2,507
3,16,969,A4,856
3,16,4460,A2,499
3,16,6275,A2,540
3,16,7907,A2,618
3,16,9498,A2,511
3,16,10815,A1,481
3,16,14319,A2,695
3,16,15805,A2,686
3,16,18728,A4,760
3,16,19610,A2,519
3,16,22229,A2,581
3,16,25936,A4,836
3,16,27577,A4,627
3,17,1396,A4,725
3,17,7689,A2,451
3,17,15112,A2,404
3,17,20315,A4,847
3,17,23328,A2,507
3,18,202,A2,489
3,18,3694,A2,531
3,18,6696,A2,624
3,18,8643,A2,550
3,18,10377,A1,410
3,18,12515,A2,706
3,18,15525,A1,375
3,18,16649,A3,653
3,18,18302,A2,491
3,18,21159,A2,522
3,18,22886,A3,768
3,18,24696,A2,651
3,18,27699,A2,508
3,18,28375,A2,425
3,19,472,A4,756
3,19,3017,A3,778
3,19,6293,A2,706
3,19,9085,A2,690
3,19,9908,A2,580
3,19,11454,A2,556
3,19,13981,A4,680
3,19,15539,A2,533
3,19,19107,A4,765
3,19,19994,A2,460
3,19,22079,A3,776
3,19,23495,A4,778
3,19,26516,A2,495
3,20,945,A3,767
3,20,5821,A1,488
3,20,8226,A2,552
3,20,11046,A2,693
3,20,13126,A3,693
3,20,17164,A2,451
3,20,17969,A4,828
3,20,20697,A2,556
3,20,25950,A2,492
3,20,28308,A4,492
3,21,679,A1,527
3,21,4475,A3,654
3,21,8152,A2,402
3,21,8936,A4,778
3,21,14180,A4,619
3,21,16944,A2,429
3,21,19204,A4,721
3,21,25073,A2,399
3,21,28581,A3,219
3,22,34,A2,679
3,22,4014,A4,808
3,22,6418,A4,787
3,22,9238,A2,547
3,22,11207,A3,817
3,22,14999,A1,525
3,22,17953,A3,695
3,22,18815,A2,462
3,22,20086,A4,754
3,22,23297,A4,874
3,22,26583,A3,781
3,22,28658,A2,142
3,23,525,A1,421
3,23,4277,A2,713
3,23,8098,A2,454
3,23,10107,A1,448
3,23,13466,A2,672
3,23,15671,A2,630
3,23,17302,A2,507
3,23,20441,A2,546
3,23,21911,A2,572
3,23,25913,A2,473
3,23,27500,A3,622
3,24,160,A2,591
3,24,4360,A4,674
3,24,8236,A2,440
3,24,8900,A2,495
3,24,11107,A4,769
3,24,14662,A4,890
3,24,17809,A2,377
3,24,18424,A2,672
3,24,21560,A2,669
3,24,22418,A2,585
3,24,26241,A4,891
3,24,27968,A2,536
3,25,2295,A2,683
3,25,4847,A2,524
3,25,7944,A4,627
3,25,8798,A2,528
3,25,12165,A4,820
3,25,13940,A2,555
3,25,17687,A2,599
3,25,18629,A2,496
3,25,22247,A2,506
3,25,25070,A2,649
3,25,26923,A2,433
3,25,27875,A1,586
3,26,1316,A3,828
3,26,4621,A2,532
3,26,6889,A2,657
3,26,8365,A2,660
3,26,9648,A2,572
3,26,11984,A2,603
3,26,14768,A4,822
3,26,17392,A2,515
3,26,19132,A2,584
3,26,21284,A2,671
3,26,23034,A3,625
3,26,27354,A2,483
3,26,28495,A2,305
3,27,6999,A2,440
3,27,9784,A2,647
3,27,12913,A4,877
3,27,15935,A2,362
3,27,23262,A2,446
3,28,2561,A2,536
3,28,5582,A2,549
3,28,8063,A2,470
3,28,9892,A1,569
3,28,16081,A2,447
3,28,18705,A2,511
3,28,20889,A2,561
3,28,24586,A2,387
3,28,25435,A2,641
3,29,3125,A4,893
3,29,5471,A3,798
3,29,8676,A2,423
3,29,10034,A4,856
3,29,15741,A4,846
3,29,17787,A2,456
3,29,21026,A4,686
3,29,25908,A2,548
3,29,26771,A2,628
3,30,1434,A2,557
3,30,4210,A2,647
3,30,6194,A2,681
3,30,8884,A2,360
3,30,9356,A2,544
3,30,10817,A2,533
3,30,13394,A2,494
3,30,16451,A3,885
3,30,18686,A2,422
3,30,20312,A2,681
3,30,22729,A2,502
3,30,24162,A2,536
3,30,27555,A3,705
3,30,28497,A2,303
3,31,392,A1,561
3,31,3595,A4,669
3,31,5877,A2,696
3,31,8299,A4,766
3,31,9663,A2,477
3,31,11057,A2,543
3,31,12405,A2,689
3,31,15061,A2,663
3,31,18223,A2,602
3,31,19308,A2,491
3,31,20114,A2,423
3,31,22613,A4,850
3,31,25195,A2,585
3,31,27608,A1,515
4,1,388,A4,704
4,1,2986,A3,621
4,1,5244,A2,585
4,1,7068,A2,544
4,1,9355,A2,629
4,1,11769,A2,598
4,1,13708,A4,651
4,1,15923,A2,591
4,1,18593,A2,596
4,1,19462,A2,564
4,1,20517,A1,381
4,1,23365,A4,772
4,1,25292,A4,670
4,1,27152,A4,764
4,2,4669,A1,558
4,2,7529,A2,511
4,2,10774,A4,778
4,2,15797,A2,420
4,2,18878,A1,454
4,2,23636,A2,362
4,3,1056,A2,630
4,3,2785,A2,707
4,3,6194,A2,686
4,3,8791,A2,632
4,3,9640,A2,383
4,3,11206,A2,629
4,3,14215,A2,713
4,3,16612,A4,790
4,3,18518,A2,655
4,3,19775,A2,407
4,3,21778,A2,607
4,3,23771,A2,593
4,3,26114,A2,629
4,3,28717,A2,83
4,4,2404,A4,651
4,4,5295,A4,658
4,4,8280,A2,426
4,4,11363,A4,639
4,4,15453,A4,690
4,4,17035,A2,397
4,4,23176,A4,628
4,4,25060,A2,490
4,4,27836,A4,619
4,5,223,A2,629
4,5,2175,A2,503
4,5,4330,A2,535
4,5,7133,A2,697
4,5,9342,A2,417
4,5,9858,A3,768
4,5,11850,A2,525
4,5,13453,A2,633
4,5,16726,A1,537
4,5,17367,A2,707
4,5,19894,A2,539
4,5,20979,A2,686
4,5,22456,A2,687
4,5,25520,A4,625
4,5,28115,A2,685
4,6,3416,A3,812
4,6,6565,A2,558
4,6,8334,A2,420
4,6,10560,A2,658
4,6,16384,A2,460
4,6,17618,A4,713
4,6,23875,A4,682
4,6,25225,A2,577
4,6,26915,A2,600
4,7,895,A2,600
4,7,4351,A2,683
4,7,8254,A2,474
4,7,9792,A2,535
4,7,11972,A2,646
4,7,16874,A2,498
4,7,18660,A2,682
4,7,20792,A3,683
4,7,25716,A2,424
4,7,27250,A4,849
4,8,1259,A2,510
4,8,5955,A2,682
4,8,8177,A2,412
4,8,11159,A3,741
4,8,15609,A2,697
4,8,16999,A2,467
4,8,19875,A1,397
4,8,23366,A3,897
4,8,25760,A2,531
4,9,6646,A4,722
4,9,7693,A2,528
4,9,8971,A1,575
4,9,15761,A2,447
4,9,19936,A4,617
4,9,23790,A2,479
4,10,1000,A2,552
4,10,3127,A2,587
4,10,4827,A2,666
4,10,7275,A4,820
4,10,9222,A4,735
4,10,10338,A2,389
4,10,12656,A4,730
4,10,14670,A2,662
4,10,16165,A2,684
4,10,19446,A2,624
4,10,20427,A2,490
4,10,21736,A2,580
4,10,23209,A4,669
4,10,25254,A3,823
4,10,27616,A2,576
4,11,4543,A3,882
4,11,7874,A2,600
4,11,15467,A2,381
4,11,22820,A2,563
4,12,1021,A2,603
4,12,2241,A1,576
4,12,4468,A2,691
4,12,7980,A2,516
4,12,9238,A2,563
4,12,9913,A2,480
4,12,12003,A2,596
4,12,14811,A2,667
4,12,16588,A4,742
4,12,19122,A4,708
4,12,20071,A2,568
4,12,21900,A3,797
4,12,24720,A1,575
4,12,26929,A4,711
4,12,28028,A2,712
4,13,923,A2,527
4,13,3067,A2,689
4,13,5387,A2,630
4,13,8229,A2,614
4,13,9424,A2,398
4,13,10018,A2,678
4,13,12387,A4,897
4,13,14624,A2,486
4,13,16398,A2,707
4,13,19576,A2,534
4,13,20338,A4,615
4,13,21593,A2,600
4,13,23443,A4,803
4,13,26724,A4,763
4,14,783,A2,517
4,14,2994,A2,526
4,14,6467,A2,637
4,14,8644,A2,366
4,14,11817,A2,552
4,14,14889,A2,614
4,14,16155,A3,664
4,14,17833,A2,570
4,14,19040,A2,483
4,14,22513,A1,432
4,14,24820,A2,696
4,14,26993,A2,429
4,14,28255,A2,488
4,15,1162,A1,546
4,15,2516,A4,737
4,15,5185,A4,891
4,15,8074,A2,703
4,15,9862,A2,572
4,15,10655,A4,783
4,15,11812,A2,593
4,15,14785,A2,535
4,15,17329,A2,695
4,15,18213,A2,702
4,15,20707,A2,524
4,15,21396,A4,773
4,15,23544,A2,579
4,15,26269,A4,774
4,15,28741,A3,59
4,16,1700,A2,491
4,16,3203,A4,712
4,16,6074,A2,571
4,16,8738,A2,589
4,16,10189,A1,497
4,16,12680,A2,675
4,16,15148,A3,676
4,16,18147,A2,590
4,16,19042,A4,742
4,16,20417,A2,626
4,16,23073,A2,650
4,16,25635,A1,431
4,16,28172,A2,530
4,17,3303,A2,643
4,17,4289,A2,704
4,17,8318,A2,413
4,17,11525,A1,544
4,17,14784,A2,554
4,17,16808,A2,374
4,17,19591,A1,589
4,17,24442,A2,596
4,17,25353,A2,404
4,17,28067,A2,502
4,18,5733,A3,775
4,18,7753,A2,588
4,18,11646,A1,430
4,18,14323,A3,887
4,18,16651,A2,433
4,18,24070,A2,554
4,18,25388,A1,488
4,18,27496,A4,896
4,19,1833,A2,696
4,19,5739,A4,632
4,19,8292,A2,396
4,19,13077,A2,494
4,19,16161,A2,411
4,19,18735,A2,538
4,19,21926,A2,705
4,19,24787,A2,363
4,19,28713,A2,87
4,20,1449,A1,525
4,20,4956,A3,625
4,20,8128,A2,467
4,20,9446,A4,611
4,20,12258,A2,515
4,20,16525,A2,600
4,20,17307,A2,410
4,20,18498,A4,701
4,20,22646,A2,599
4,20,25982,A2,429
4,20,27223,A2,701
4,21,6985,A2,501
4,21,9580,A3,710
4,21,15161,A2,395
4,21,22549,A2,418
4,21,24424,A3,738
4,22,3177,A2,606
4,22,7235,A3,651
4,22,8228,A2,371
4,22,12442,A2,693
4,22,16278,A2,547
4,22,19611,A2,492
4,22,24317,A2,584
4,22,26497,A2,505
4,23,902,A2,603
4,23,3161,A4,849
4,23,6358,A2,517
4,23,8968,A2,395
4,23,10529,A4,801
4,23,15033,A4,766
4,23,17048,A2,569
4,23,18499,A2,421
4,23,20104,A1,446
4,23,23356,A2,643
4,23,26995,A2,461
4,23,27642,A4,673
4,24,12,A2,636
4,24,6592,A2,539
4,24,8139,A2,423
4,24,11972,A3,787
4,24,16321,A2,449
4,24,18366,A2,495
4,24,23125,A3,878
4,24,25129,A2,563
4,24,26434,A2,526
4,25,1288,A3,782
4,25,4162,A2,481
4,25,5035,A2,688
4,25,7627,A2,503
4,25,9250,A2,611
4,25,10050,A2,380
4,25,11935,A2,624
4,25,15731,A1,384
4,25,17693,A4,869
4,25,19307,A2,568
4,25,22066,A2,667
4,25,24546,A2,644
4,25,25904,A2,678
4,25,28311,A2,489
4,26,84,A1,572
4,26,7571,A2,499
4,26,8981,A3,709
4,26,13225,A1,477
4,26,16221,A2,375
4,26,18756,A4,693
4,26,22994,A2,719
4,26,24963,A4,874
4,27,1840,A2,633
4,27,7625,A2,408
4,27,8226,A4,744
4,27,11059,A2,527
4,27,16283,A2,460
4,27,17030,A2,545
4,27,20236,A3,628
4,27,24909,A2,545
4,27,27978,A4,719
4,28,342,A2,519
4,28,2499,A2,665
4,28,4627,A2,706
4,28,7013,A2,714
4,28,8872,A4,695
4,28,9955,A2,653
4,28,10923,A2,366
4,28,13267,A4,679
4,28,15066,A4,775
4,28,16734,A3,791
4,28,19477,A2,592
4,28,21091,A2,416
4,28,21696,A2,636
4,28,22805,A4,678
4,28,25730,A4,677
4,28,27628,A2,708
4,29,3233,A2,653
4,29,7624,A2,577
4,29,10280,A2,541
4,29,14489,A2,546
4,29,16267,A2,577
4,29,19088,A4,698
4,29,24535,A2,461
4,29,25829,A2,649
4,30,581,A3,717
4,30,3114,A4,846
4,30,5923,A2,598
4,30,7543,A2,485
4,30,9338,A3,722
4,30,10367,A2,561
4,30,12048,A2,624
4,30,14587,A4,629
4,30,16353,A2,554
4,30,18920,A4,624
4,30,20338,A2,487
4,30,21000,A2,648
4,30,23650,A2,669
4,30,25691,A2,716
4,30,27996,A2,683
5,1,1777,A2,621
5,1,4309,A2,649
5,1,7202,A4,747
5,1,9009,A2,588
5,1,12166,A2,656
5,1,15073,A4,644
5,1,17890,A2,435
5,1,19810,A1,418
5,1,22503,A3,707
5,1,24385,A2,637
5,1,27073,A2,452
5,2,6678,A3,666
5,2,7651,A2,511
5,2,13265,A2,636
5,2,15791,A2,400
5,2,23177,A2,480
5,2,24147,A2,608
5,3,2239,A2,532
5,3,4535,A2,609
5,3,5922,A1,486
5,3,8605,A2,509
5,3,10865,A1,545
5,3,14563,A4,729
5,3,15733,A4,659
5,3,18019,A2,568
5,3,20540,A2,621
5,3,22897,A2,576
5,3,25321,A2,549
5,3,27312,A2,410
5,3,28765,A2,35
5,4,3737,A2,503
5,4,7474,A2,541
5,4,8684,A4,899
5,4,10276,A4,843
5,4,16743,A2,499
5,4,18968,A4,659
5,4,20415,A1,566
5,4,25432,A2,438
5,5,2603,A2,692
5,5,6193,A2,578
5,5,8269,A2,430
5,5,10016,A1,374
5,5,11656,A2,491
5,5,14982,A2,482
5,5,17025,A2,508
5,5,18730,A2,679
5,5,23084,A2,665
5,5,25863,A2,525
5,5,28404,A2,396
5,6,5124,A1,582
5,6,7449,A1,556
5,6,8116,A2,406
5,6,14903,A4,858
5,6,16366,A2,506
5,6,22760,A3,834
5,6,24706,A2,361
5,6,28603,A3,197
5,7,62,A2,570
5,7,4517,A2,659
5,7,6311,A3,895
5,7,9116,A2,396
5,7,9775,A4,816
5,7,14164,A2,655
5,7,16996,A2,696
5,7,18459,A4,717
5,7,19396,A2,363
5,7,23235,A4,603
5,7,24492,A2,582
5,7,27283,A4,616
5,7,28525,A2,275
5,8,2337,A2,647
5,8,4896,A1,467
5,8,8092,A2,549
5,8,9394,A4,788
5,8,11582,A4,656
5,8,14884,A4,638
5,8,17695,A2,496
5,8,18912,A2,649
5,8,22599,A2,633
5,8,26081,A2,625
5,8,27098,A2,450
5,9,798,A3,743
5,9,3532,A4,760
5,9,6612,A2,523
5,9,9011,A2,565
5,9,10178,A2,655
5,9,13025,A3,729
5,9,16679,A2,687
5,9,18619,A2,408
5,9,20511,A2,567
5,9,24771,A4,646
5,9,25788,A4,881
5,9,28093,A2,529
5,10,1105,A2,525
5,10,4273,A4,884
5,10,7176,A2,621
5,10,9008,A2,387
5,10,10047,A3,631
5,10,13387,A1,541
5,10,16766,A4,881
5,10,18427,A2,483
5,10,20822,A1,455
5,10,23107,A4,866
5,10,26685,A2,663
5,10,27859,A2,504
5,11,1553,A2,651
5,11,3363,A4,809
5,11,7367,A2,555
5,11,8979,A2,551
5,11,10118,A2,652
5,11,12930,A4,858
5,11,17291,A2,543
5,11,18569,A2,405
5,11,20375,A3,759
5,11,22449,A2,613
5,11,24855,A1,527
5,11,27355,A2,562
5,11,28428,A2,372
5,12,2642,A4,643
5,12,5452,A3,703
5,12,8338,A2,599
5,12,12322,A4,771
5,12,13859,A2,589
5,12,17283,A2,541
5,12,20107,A3,742
5,12,23956,A2,595
5,12,26161,A2,395
5,12,27722,A4,725
5,13,2624,A2,583
5,13,6574,A2,538
5,13,8085,A2,574
5,13,11074,A2,699
5,13,16194,A4,797
5,13,17120,A2,542
5,13,18334,A2,622
5,13,25256,A2,507
5,13,26072,A3,742
5,14,1039,A4,771
5,14,4585,A2,562
5,14,7496,A4,708
5,14,9040,A2,567
5,14,9936,A2,480
5,14,11669,A2,555
5,14,14741,A4,822
5,14,16882,A2,672
5,14,19115,A2,550
5,14,21059,A1,417
5,14,23306,A4,806
5,14,27111,A2,542
5,14,28395,A2,405
5,15,1602,A2,714
5,15,3724,A1,489
5,15,5808,A2,613
5,15,8206,A2,577
5,15,9357,A2,582
5,15,12382,A2,558
5,15,15474,A2,709
5,15,18129,A2,704
5,15,19834,A2,716
5,15,23826,A2,562
5,15,26433,A3,634
5,15,27458,A2,501
5,15,28267,A2,533
5,16,343,A1,534
5,16,6858,A4,637
5,16,8170,A2,497
5,16,11219,A4,747
5,16,16019,A4,864
5,16,17243,A2,574
5,16,23978,A3,692
5,16,25509,A2,561
5,16,28731,A3,69
5,17,1539,A2,667
5,17,2745,A2,602
5,17,5549,A4,723
5,17,8711,A2,600
5,17,9570,A2,545
5,17,11564,A2,540
5,17,14555,A3,706
5,17,16814,A2,491
5,17,18831,A2,561
5,17,21828,A2,653
5,17,24452,A4,798
5,17,27675,A2,704
5,17,28540,A2,260
5,18,545,A2,652
5,18,5359,A4,748
5,18,8378,A2,504
5,18,10535,A1,454
5,18,13256,A2,595
5,18,16917,A2,475
5,18,17725,A4,884
5,18,20349,A3,776
5,18,26045,A2,470
5,18,26750,A4,805
5,19,504,A3,638
5,19,5597,A4,739
5,19,8369,A2,382
5,19,11019,A2,540
5,19,15406,A4,738
5,19,16994,A2,583
5,19,21504,A2,486
5,19,23153,A3,628
5,19,25677,A2,453
5,19,27254,A4,774
5,20,1644,A2,696
5,20,3936,A2,574
5,20,5224,A2,504
5,20,7338,A2,643
5,20,9402,A2,523
5,20,11682,A2,496
5,20,13200,A2,636
5,20,15705,A2,665
5,20,18128,A3,753
5,20,19475,A2,388
5,20,22016,A4,769
5,20,23397,A2,674
5,20,26332,A2,521
5,20,28624,A2,176
5,21,703,A4,734
5,21,3778,A2,537
5,21,5393,A2,520
5,21,8769,A2,372
5,21,9317,A1,420
5,21,12151,A2,719
5,21,13326,A3,794
5,21,16874,A4,778
5,21,18831,A2,360
5,21,19769,A4,743
5,21,21635,A2,652
5,21,25375,A3,816
5,21,28276,A2,524
5,22,342,A2,538
5,22,7530,A2,452
5,22,13285,A4,856
5,22,15824,A2,546
5,22,18082,A4,852
5,22,24215,A2,533
5,23,2890,A2,552
5,23,5941,A2,551
5,23,8067,A2,374
5,23,10996,A2,674
5,23,12734,A2,487
5,23,16567,A2,551
5,23,17244,A2,608
5,23,22364,A4,759
5,23,24229,A4,614
5,23,26064,A2,447
5,24,1694,A3,819
5,24,4661,A2,489
5,24,5647,A2,663
5,24,8844,A2,689
5,24,11437,A2,508
5,24,13864,A1,432
5,24,17477,A4,817
5,24,20152,A2,717
5,24,22787,A2,676
5,24,24419,A4,709
5,24,27455,A2,474
5,24,28272,A2,528
5,25,1613,A4,656
5,25,4117,A4,886
5,25,7316,A2,683
5,25,9217,A2,493
5,25,10557,A2,576
5,25,14031,A2,512
5,25,16168,A3,858
5,25,18635,A2,515
5,25,20253,A4,674
5,25,23762,A4,698
5,25,26052,A2,682
5,25,28169,A2,532
5,26,286,A2,704
5,26,4147,A2,482
5,26,6421,A2,688
5,26,8838,A2,564
5,26,10900,A2,640
5,26,13843,A2,502
5,26,14681,A2,645
5,26,18182,A2,559
5,26,19994,A2,498
5,26,22326,A2,484
5,26,23923,A2,562
5,26,27257,A2,477
5,26,28701,A1,99
5,27,1875,A2,511
5,27,2995,A2,574
5,27,7489,A2,665
5,27,8735,A2,451
5,27,10411,A2,526
5,27,13709,A2,607
5,27,16514,A2,650
5,27,17955,A2,396
5,27,20997,A2,573
5,27,23551,A2,691
5,27,25748,A3,854
5,27,27469,A2,552
5,27,28630,A2,170
5,28,2754,A4,764
5,28,7742,A2,587
5,28,9058,A3,738
5,28,15028,A4,769
5,28,16815,A2,573
5,28,20825,A2,686
5,28,25046,A2,504
5,29,223,A2,509
5,29,5531,A4,710
5,29,8211,A2,401
5,29,11098,A3,672
5,29,16270,A2,360
5,29,16827,A3,825
5,29,21319,A2,688
5,29,25129,A2,478
5,29,27512,A1,385
5,30,2205,A1,554
5,30,3651,A4,705
5,30,8230,A2,524
5,30,9265,A2,585
5,30,10620,A2,627
5,30,13627,A2,522
5,30,16862,A4,714
5,30,18167,A2,404
5,30,20825,A2,529
5,30,25743,A2,712
5,30,26805,A2,505
5,30,28248,A2,552
5,31,496,A2,707
5,31,7671,A2,430
5,31,10405,A3,738
5,31,14492,A4,612
5,31,16416,A2,403
5,31,17810,A4,759
5,31,23707,A4,887
5,31,25451,A2,484
6,1,70,A1,409
6,1,5074,A4,736
6,1,8053,A2,648
6,1,11806,A4,742
6,1,16520,A2,565
6,1,17526,A2,598
6,1,22111,A4,719
6,1,25395,A2,427
6,1,26271,A3,889
6,2,94,A4,681
6,2,3046,A2,541
6,2,5288,A2,626
6,2,7693,A1,510
6,2,9350,A2,401
6,2,12352,A4,860
6,2,14332,A4,790
6,2,17491,A2,708
6,2,19074,A2,549
6,2,20316,A2,517
6,2,21863,A1,537
6,2,24951,A4,816
6,2,28217,A4,583
6,3,839,A2,550
6,3,3598,A4,619
6,3,4627,A1,387
6,3,6890,A3,757
6,3,9284,A2,587
6,3,10886,A2,639
6,3,11900,A4,631
6,3,14529,A2,608
6,3,16516,A2,658
6,3,19379,A2,402
6,3,20187,A2,512
6,3,21669,A4,717
6,3,23622,A3,713
6,3,26322,A2,539
6,3,28332,A3,468
6,4,878,A4,840
6,4,6537,A2,501
6,4,8312,A2,407
6,4,10610,A1,446
6,4,12403,A4,886
6,4,17051,A2,365
6,4,18799,A4,615
6,4,23250,A4,655
6,4,25686,A2,498
6,4,27147,A4,731
6,5,18,A1,556
6,5,3198,A4,714
6,5,6848,A2,612
6,5,8881,A2,420
6,5,9449,A1,396
6,5,12102,A4,851
6,5,16369,A4,819
6,5,18080,A2,554
6,5,18921,A2,418
6,5,22262,A4,681
6,5,25169,A4,769
6,5,27215,A2,646
6,5,28414,A2,379
6,6,825,A2,649
6,6,3837,A4,736
6,6,6659,A4,702
6,6,9062,A4,709
6,6,11437,A4,627
6,6,14612,A4,843
6,6,16799,A4,823
6,6,19025,A2,625
6,6,22191,A2,573
6,6,24766,A2,568
6,6,27707,A2,715
6,6,28534,A2,266
6,7,979,A2,592
6,7,3356,A2,566
6,7,5427,A2,686
6,7,8130,A3,842
6,7,9598,A4,795
6,7,12962,A4,686
6,7,15115,A1,500
6,7,18204,A2,680
6,7,19318,A2,405
6,7,20857,A2,627
6,7,22478,A2,614
6,7,24097,A4,624
6,7,26321,A3,692
6,8,2499,A3,849
6,8,6063,A2,541
6,8,7619,A2,510
6,8,8899,A2,437
6,8,11758,A2,696
6,8,16682,A2,560
6,8,17578,A2,402
6,8,21116,A2,693
6,8,22685,A1,543
6,8,25964,A2,692
6,8,26894,A2,504
6,9,276,A4,647
6,9,2585,A2,682
6,9,6057,A4,894
6,9,7959,A4,853
6,9,10068,A2,585
6,9,11784,A4,746
6,9,15148,A4,758
6,9,16364,A2,670
6,9,19813,A2,413
6,9,20384,A4,770
6,9,21518,A4,744
6,9,23904,A3,710
6,9,27547,A3,841
6,10,699,A2,546
6,10,4070,A4,777
6,10,7951,A2,665
6,10,8966,A2,375
6,10,11700,A2,572
6,10,13953,A3,789
6,10,17065,A2,558
6,10,18253,A2,501
6,10,20784,A2,485
6,10,23670,A2,582
6,10,26814,A2,526
6,10,27530,A3,745
6,11,1238,A2,541
6,11,4691,A2,607
6,11,7038,A4,637
6,11,8756,A2,554
6,11,10465,A2,570
6,11,13723,A2,653
6,11,14968,A4,866
6,11,18364,A2,372
6,11,19090,A4,757
6,11,22903,A3,870
6,11,25480,A2,693
6,11,27108,A4,873
6,12,686,A3,836
6,12,3929,A2,489
6,12,8310,A2,559
6,12,10514,A2,529
6,12,13080,A2,481
6,12,15983,A2,530
6,12,17402,A2,452
6,12,21067,A2,558
6,12,24474,A2,550
6,12,25962,A2,552
6,12,26640,A2,620
6,13,552,A2,495
6,13,3777,A2,577
6,13,5957,A2,694
6,13,8737,A2,593
6,13,9779,A3,691
6,13,12317,A2,489
6,13,16691,A2,578
6,13,17437,A2,488
6,13,18555,A2,365
6,13,21972,A2,536
6,13,24272,A2,515
6,13,26971,A2,380
6,13,28059,A1,432
6,14,2082,A4,813
6,14,5177,A4,811
6,14,8595,A2,471
6,14,9770,A4,716
6,14,13146,A4,817
6,14,14810,A4,685
6,14,18270,A2,375
6,14,22513,A4,687
6,14,25864,A1,387
6,14,26712,A2,471
6,15,1158,A4,792
6,15,3438,A1,386
6,15,5594,A2,561
6,15,8724,A2,465
6,15,9463,A3,698
6,15,13003,A1,514
6,15,14717,A4,841
6,15,18228,A2,549
6,15,19180,A4,616
6,15,20986,A4,611
6,15,22706,A2,492
6,15,25725,A2,481
6,15,27949,A2,552
6,16,1889,A2,641
6,16,3671,A2,627
6,16,6286,A2,515
6,16,8768,A2,386
6,16,10831,A4,637
6,16,11878,A1,485
6,16,14994,A2,555
6,16,17810,A2,435
6,16,19687,A2,506
6,16,22482,A2,506
6,16,23440,A4,810
6,16,27039,A2,377
6,16,28193,A2,607
6,17,2316,A2,629
6,17,7628,A2,404
6,17,10188,A2,687
6,17,15712,A2,529
6,17,16462,A4,864
6,17,24098,A2,537
6,17,25006,A2,607
6,18,517,A2,528
6,18,4346,A4,852
6,18,6636,A2,505
6,18,8849,A2,540
6,18,9739,A2,625
6,18,12185,A3,768
6,18,15340,A1,370
6,18,18016,A4,740
6,18,18864,A2,395
6,18,22756,A4,679
6,18,24181,A3,866
6,18,27496,A2,503
6,18,28272,A2,410
6,19,2484,A2,530
6,19,7025,A2,710
6,19,8225,A2,441
6,19,9842,A2,587
6,19,14930,A2,671
6,19,16889,A2,363
6,19,20970,A3,752
6,19,24976,A2,551
6,19,26136,A2,628
6,20,612,A4,679
6,20,2806,A2,538
6,20,6208,A3,766
6,20,7817,A4,610
6,20,9571,A2,545
6,20,10561,A4,659
6,20,13054,A4,827
6,20,15981,A4,646
6,20,18454,A4,667
6,20,19887,A2,527
6,20,21559,A4,688
6,20,23791,A1,420
6,20,25596,A2,689
6,20,27297,A4,683
6,21,2666,A2,657
6,21,7436,A4,830
6,21,8479,A2,416
6,21,14793,A4,763
6,21,16630,A2,441
6,21,20474,A1,555
6,21,23832,A4,861
6,21,25466,A2,429
6,22,1190,A3,627
6,22,3119,A1,573
6,22,5792,A1,460
6,22,8638,A2,508
6,22,9742,A3,602
6,22,11716,A3,792
6,22,14600,A2,517
6,22,17763,A2,558
6,22,18615,A2,544
6,22,21049,A2,664
6,22,24254,A2,659
6,22,25466,A2,586
6,22,27795,A2,517
6,22,28550,A2,250
6,23,798,A3,653
6,23,3092,A4,623
6,23,6953,A1,587
6,23,8862,A2,413
6,23,10665,A4,771
6,23,14513,A1,438
6,23,17219,A3,618
6,23,18102,A2,374
6,23,20426,A4,676
6,23,24245,A4,891
6,23,27029,A2,437
6,23,28020,A3,703
6,24,1480,A4,712
6,24,3267,A3,683
6,24,5524,A2,580
6,24,8702,A3,661
6,24,9607,A2,382
6,24,10808,A2,647
6,24,12855,A2,673
6,24,15849,A4,627
6,24,17750,A4,799
6,24,19707,A2,527
6,24,21365,A4,738
6,24,23321,A4,663
6,24,26599,A3,651
6,25,1459,A4,696
6,25,3667,A4,756
6,25,7083,A4,691
6,25,9142,A2,424
6,25,10700,A2,568
6,25,13263,A2,644
6,25,15139,A2,692
6,25,17025,A4,817
6,25,19273,A2,371
6,25,21258,A4,709
6,25,23864,A4,689
6,25,27241,A4,672
6,25,28686,A2,114
6,26,679,A3,808
6,26,4664,A2,661
6,26,8000,A3,807
6,26,9240,A2,423
6,26,12701,A2,648
6,26,14532,A2,623
6,26,17913,A2,569
6,26,19805,A2,654
6,26,21320,A2,672
6,26,24908,A4,709
6,26,27510,A2,497
6,27,1263,A4,706
6,27,3204,A2,685
6,27,6213,A2,516
6,27,8892,A2,556
6,27,10415,A1,400
6,27,12302,A4,673
6,27,15124,A4,839
6,27,17709,A2,574
6,27,18934,A2,576
6,27,20214,A4,808
6,27,23587,A2,482
6,27,25498,A1,402
6,27,27943,A2,619
6,27,28793,A2,7
6,28,265,A2,692
6,28,4783,A4,858
6,28,7811,A4,623
6,28,9151,A2,476
6,28,12137,A4,625
6,28,15121,A4,833
6,28,18078,A2,471
6,28,19974,A4,825
6,28,21688,A4,665
6,28,24481,A4,729
6,28,27740,A2,424
6,29,4749,A4,704
6,29,7367,A2,571
6,29,8239,A2,509
6,29,15577,A4,731
6,29,16458,A2,450
6,29,23908,A2,478
6,29,24677,A4,671
6,30,1869,A1,542
6,30,7191,A2,697
6,30,8231,A2,487
6,30,10815,A4,810
6,30,14897,A2,495
6,30,16988,A2,593
6,30,22572,A2,611
6,30,25164,A2,535
6,30,26889,A2,535
7,1,531,A2,633
7,1,2467,A3,780
7,1,4821,A2,717
7,1,7635,A4,669
7,1,9798,A2,583
7,1,10966,A4,894
7,1,13806,A4,851
7,1,16739,A2,588
7,1,18241,A4,754
7,1,20167,A2,486
7,1,20947,A2,566
7,1,23046,A2,589
7,1,26169,A2,632
7,1,27613,A2,483
7,2,1245,A2,536
7,2,3766,A4,782
7,2,7229,A4,678
7,2,8960,A2,509
7,2,10407,A2,672
7,2,12185,A2,660
7,2,16608,A4,604
7,2,18377,A2,454
7,2,19528,A4,842
7,2,22459,A2,549
7,2,24639,A2,670
7,2,27864,A2,512
7,2,28719,A2,81
7,3,853,A2,695
7,3,4174,A3,667
7,3,8340,A2,510
7,3,10205,A4,781
7,3,14217,A3,679
7,3,17296,A2,587
7,3,18437,A3,763
7,3,22472,A4,629
7,3,25653,A1,457
7,3,26697,A2,567
7,4,2127,A2,719
7,4,3207,A4,780
7,4,8001,A2,618
7,4,9116,A2,531
7,4,12038,A4,745
7,4,13707,A4,699
7,4,17608,A2,556
7,4,18640,A2,566
7,4,21537,A2,650
7,4,23713,A2,678
7,4,27020,A4,618
7,4,28124,A2,513
7,5,1470,A1,382
7,5,3678,A2,518
7,5,7878,A2,509
7,5,9808,A2,533
7,5,13555,A3,620
7,5,15718,A4,670
7,5,17203,A2,383
7,5,21171,A3,620
7,5,24664,A4,604
7,5,25789,A2,404
7,6,906,A4,876
7,6,3378,A4,712
7,6,6004,A2,713
7,6,9293,A2,587
7,6,10601,A2,559
7,6,11944,A2,528
7,6,15003,A4,830
7,6,18021,A1,573
7,6,19370,A2,515
7,6,22328,A2,527
7,6,23815,A1,547
7,6,26874,A2,528
7,6,28452,A2,348
7,7,6978,A2,415
7,7,9689,A2,690
7,7,15069,A2,538
7,7,16805,A3,888
7,7,23488,A2,480
7,7,28218,A1,371
7,8,2743,A2,707
7,8,4228,A3,723
7,8,7600,A4,664
7,8,9072,A2,562
7,8,12368,A4,841
7,8,17392,A1,509
7,8,18611,A4,737
7,8,24231,A1,404
7,8,25625,A4,689
7,8,26807,A2,415
7,9,2491,A2,565
7,9,3550,A4,656
7,9,8185,A2,480
7,9,9537,A4,766
7,9,11105,A1,597
7,9,15989,A4,810
7,9,17800,A4,778
7,9,21805,A4,672
7,9,23726,A2,574
7,9,26806,A2,543
7,10,780,A4,861
7,10,4192,A2,599
7,10,6853,A4,666
7,10,8852,A2,673
7,10,9784,A2,390
7,10,13181,A4,619
7,10,14909,A2,635
7,10,18428,A2,438
7,10,19035,A1,539
7,10,21663,A4,666
7,10,24254,A4,894
7,10,26727,A3,613
7,10,28564,A2,236
7,11,1319,A4,623
7,11,3587,A4,679
7,11,8007,A2,686
7,11,8966,A2,473
7,11,10125,A2,560
7,11,14368,A3,708
7,11,17672,A2,456
7,11,18485,A2,568
7,11,21483,A1,515
7,11,22484,A4,788
7,11,25502,A3,744
7,11,27715,A2,542
7,12,3234,A1,423
7,12,4899,A4,840
7,12,8227,A2,432
7,12,10651,A4,771
7,12,14743,A2,571
7,12,16966,A2,564
7,12,18727,A2,526
7,12,23415,A4,613
7,12,25669,A2,546
7,12,28231,A2,496
7,13,2131,A4,827
7,13,3847,A4,627
7,13,8370,A1,531
7,13,10682,A4,756
7,13,14259,A4,676
7,13,17367,A2,483
7,13,18151,A2,522
7,13,21257,A1,510
7,13,25098,A2,523
7,13,26377,A2,403
7,13,27662,A2,535
7,14,248,A4,895
7,14,2382,A4,849
7,14,4715,A4,690
7,14,7893,A2,535
7,14,9933,A2,443
7,14,10593,A2,481
7,14,11445,A2,643
7,14,13180,A2,618
7,14,15601,A4,775
7,14,17542,A1,517
7,14,20389,A2,547
7,14,21273,A1,502
7,14,22649,A2,572
7,14,24019,A2,643
7,14,26244,A2,498
7,14,28541,A2,259
7,15,980,A3,647
7,15,3674,A4,850
7,15,8269,A4,720
7,15,9216,A2,444
7,15,12488,A2,704
7,15,16552,A2,511
7,15,17854,A2,396
7,15,21008,A2,530
7,15,24387,A2,514
7,15,26259,A2,571
7,15,28441,A3,359
7,16,881,A2,626
7,16,3453,A2,680
7,16,8277,A2,366
7,16,8836,A4,670
7,16,11137,A4,657
7,16,14240,A2,652
7,16,17619,A4,859
7,16,19549,A4,828
7,16,24308,A3,811
7,16,25773,A4,752
7,16,27865,A2,587
7,17,2289,A3,893
7,17,6101,A3,617
7,17,8488,A2,494
7,17,10635,A3,864
7,17,14438,A2,482
7,17,17328,A2,558
7,17,18961,A4,701
7,17,25552,A2,407
7,17,26334,A4,658
7,17,28042,A4,758
7,18,1018,A4,883
7,18,5159,A2,523
7,18,7845,A2,635
7,18,9033,A2,480
7,18,12429,A4,855
7,18,16794,A2,642
7,18,17975,A2,397
7,18,21054,A3,798
7,18,26135,A2,406
7,18,27679,A4,639
7,19,1595,A2,682
7,19,3810,A2,709
7,19,6256,A1,572
7,19,8955,A2,492
7,19,10119,A2,609
7,19,12954,A2,631
7,19,14286,A3,762
7,19,17056,A2,627
7,19,19069,A2,576
7,19,20121,A2,556
7,19,22721,A2,482
7,19,25626,A3,873
7,19,28259,A4,541
7,20,465,A4,600
7,20,7592,A2,443
7,20,9474,A4,794
7,20,13845,A4,792
7,20,16586,A2,363
7,20,18080,A4,687
7,20,24615,A2,368
7,20,25887,A1,432
7,20,28517,A1,283
7,21,854,A1,525
7,21,4339,A2,527
7,21,6014,A2,668
7,21,8705,A2,477
7,21,10845,A4,684
7,21,13275,A2,656
7,21,17487,A2,473
7,21,18153,A4,806
7,21,20205,A4,731
7,21,23382,A2,558
7,21,27055,A2,582
7,22,3195,A4,778
7,22,6692,A2,517
7,22,8273,A2,596
7,22,10462,A4,672
7,22,12817,A2,691
7,22,17211,A2,575
7,22,19022,A4,659
7,22,22775,A4,688
7,22,26133,A2,583
7,22,28754,A3,46
7,23,2372,A2,637
7,23,4850,A2,686
7,23,7556,A4,705
7,23,8992,A2,555
7,23,10013,A4,789
7,23,14382,A2,685
7,23,16933,A4,633
7,23,18640,A2,371
7,23,19638,A4,755
7,23,23889,A2,546
7,23,25657,A4,890
7,23,28167,A2,506
7,24,1739,A4,607
7,24,3470,A3,786
7,24,8084,A2,592
7,24,8977,A2,563
7,24,12862,A4,665
7,24,15155,A1,391
7,24,16946,A3,620
7,24,18188,A2,451
7,24,22392,A1,555
7,24,24322,A4,605
7,24,26799,A2,476
7,25,965,A2,629
7,25,3001,A2,541
7,25,5439,A2,540
7,25,7355,A4,895
7,25,9520,A2,491
7,25,11541,A4,707
7,25,12756,A3,766
7,25,15901,A2,537
7,25,17342,A3,785
7,25,19358,A2,587
7,25,20442,A2,379
7,25,21774,A3,702
7,25,24694,A2,636
7,25,26349,A4,767
7,25,27788,A4,698
7,26,770,A3,825
7,26,3477,A2,692
7,26,5045,A3,786
7,26,9008,A2,697
7,26,9992,A2,374
7,26,10709,A2,549
7,26,13645,A2,577
7,26,14796,A2,508
7,26,17075,A2,663
7,26,19663,A2,418
7,26,20498,A4,815
7,26,22947,A2,523
7,26,25437,A2,493
7,26,27544,A4,636
7,27,1862,A1,559
7,27,3786,A3,775
7,27,8319,A2,529
7,27,9430,A3,667
7,27,12147,A2,616
7,27,16746,A2,706
7,27,17809,A2,372
7,27,20232,A2,538
7,27,24571,A2,521
7,27,26212,A2,395
7,28,1771,A3,678
7,28,2987,A2,562
7,28,6094,A4,769
7,28,9001,A2,581
7,28,10016,A2,692
7,28,11300,A4,754
7,28,14196,A4,686
7,28,17822,A4,787
7,28,19466,A2,495
7,28,21249,A2,575
7,28,22335,A2,501
7,28,24485,A4,701
7,28,27037,A2,485
7,29,728,A3,698
7,29,3396,A4,766
7,29,5467,A2,667
7,29,7506,A2,550
7,29,9169,A2,645
7,29,10318,A2,372
7,29,11404,A2,687
7,29,13596,A2,555
7,29,16314,A2,615
7,29,17868,A3,621
7,29,19878,A4,875
7,29,21008,A2,486
7,29,23146,A2,563
7,29,25137,A2,699
7,29,28395,A4,405
7,30,1273,A2,598
7,30,2907,A2,676
7,30,4707,A4,606
7,30,7731,A2,617
7,30,9475,A2,397
7,30,10058,A4,731
7,30,12381,A2,675
7,30,14628,A4,769
7,30,17200,A3,631
7,30,18937,A1,470
7,30,20134,A2,523
7,30,21315,A2,489
7,30,23414,A2,617
7,30,26593,A2,623
7,31,696,A4,748
7,31,4324,A2,559
7,31,5993,A4,670
7,31,8875,A4,609
7,31,11885,A4,684
7,31,13146,A2,503
7,31,16068,A4,647
7,31,18405,A2,421
7,31,20944,A4,631
7,31,24057,A1,451
7,31,26825,A3,692
7,31,28619,A4,181
8,1,794,A4,732
8,1,2593,A2,703
8,1,5473,A2,593
8,1,7277,A2,638
8,1,9417,A4,872
8,1,10530,A2,406
8,1,13022,A2,543
8,1,14752,A4,667
8,1,16875,A4,743
8,1,18685,A2,505
8,1,20318,A3,711
8,1,22842,A1,384
8,1,25339,A2,619
8,1,27484,A2,700
8,2,3118,A4,679
8,2,6817,A2,538
8,2,8202,A2,504
8,2,9564,A4,801
8,2,14142,A3,716
8,2,17223,A2,361
8,2,19940,A4,810
8,2,22521,A4,866
8,2,26232,A2,491
8,2,28599,A2,201
8,3,1896,A2,704
8,3,5568,A2,670
8,3,8345,A2,457
8,3,11112,A2,550
8,3,13070,A3,794
8,3,17111,A2,568
8,3,19451,A1,472
8,3,21609,A2,659
8,3,25303,A4,860
8,3,26649,A2,558
8,4,1483,A2,603
8,4,3563,A2,592
8,4,8180,A2,383
8,4,8676,A3,603
8,4,11364,A2,609
8,4,14052,A2,640
8,4,15805,A2,658
8,4,18045,A2,393
8,4,21063,A2,611
8,4,23859,A1,447
8,4,26461,A2,599
8,4,27197,A4,880
8,5,951,A2,674
8,5,2098,A4,766
8,5,5545,A4,717
8,5,6892,A4,781
8,5,8747,A2,624
8,5,10547,A2,513
8,5,12257,A2,486
8,5,13874,A4,613
8,5,15981,A2,480
8,5,17319,A4,792
8,5,19143,A2,614
8,5,21031,A2,425
8,5,21894,A4,819
8,5,24054,A1,467
8,5,25745,A2,512
8,5,28000,A2,651
8,6,1644,A2,577
8,6,4062,A2,706
8,6,6442,A3,679
8,6,8436,A2,537
8,6,9498,A2,516
8,6,10336,A2,635
8,6,14191,A2,586
8,6,16128,A2,608
8,6,18808,A2,477
8,6,19555,A4,827
8,6,21792,A2,601
8,6,24487,A1,491
8,6,26321,A2,617
8,6,28065,A2,648
8,7,2071,A2,712
8,7,5142,A2,548
8,7,6485,A4,886
8,7,9124,A2,475
8,7,10499,A4,843
8,7,13634,A2,571
8,7,15217,A4,823
8,7,18801,A2,545
8,7,19486,A2,627
8,7,22721,A4,776
8,7,24536,A2,549
8,7,27609,A4,740
8,8,1263,A4,782
8,8,7781,A2,594
8,8,9590,A4,721
8,8,11942,A4,732
8,8,16828,A2,533
8,8,18716,A4,881
8,8,22737,A1,547
8,8,25775,A2,451
8,8,28008,A4,762
8,9,909,A2,654
8,9,4395,A4,746
8,9,6891,A4,698
8,9,9090,A2,398
8,9,9891,A4,750
8,9,11719,A4,760
8,9,15503,A4,644
8,9,16634,A3,658
8,9,19279,A2,426
8,9,20580,A2,652
8,9,22009,A2,602
8,9,25009,A4,665
8,9,28155,A2,584
8,10,1756,A2,499
8,10,7484,A2,421
8,10,8885,A2,566
8,10,12917,A3,761
8,10,16204,A2,533
8,10,21665,A2,498
8,10,24207,A2,434
8,10,24883,A4,897
8,10,28629,A4,171
8,11,524,A2,646
8,11,4292,A2,506
8,11,6538,A4,863
8,11,9000,A2,478
8,11,9899,A1,390
8,11,12507,A2,501
8,11,16417,A2,533
8,11,17902,A2,600
8,11,19969,A4,639
8,11,20937,A4,856
8,11,24008,A2,582
8,11,27572,A2,504
8,11,28626,A4,174
8,12,2030,A1,421
8,12,4505,A4,897
8,12,8086,A2,490
8,12,8793,A2,403
8,12,13117,A3,769
8,12,15530,A2,657
8,12,17615,A2,563
8,12,19162,A4,625
8,12,24697,A2,701
8,12,26483,A2,377
8,13,1602,A2,583
8,13,3152,A3,884
8,13,5901,A4,692
8,13,8878,A2,655
8,13,9813,A2,596
8,13,12740,A2,563
8,13,13692,A4,610
8,13,17648,A4,706
8,13,19267,A2,560
8,13,20429,A2,561
8,13,22849,A4,787
8,13,24718,A1,375
8,13,27322,A4,639
8,14,1505,A1,417
8,14,3808,A4,634
8,14,6048,A2,534
8,14,8556,A2,536
8,14,9341,A4,872
8,14,11466,A4,819
8,14,15424,A2,555
8,14,18303,A2,415
8,14,19544,A2,704
8,14,23815,A4,780
8,14,24795,A1,542
8,14,27709,A2,517
8,14,28738,A3,62
8,15,314,A2,481
8,15,3309,A1,477
8,15,4975,A2,715
8,15,6957,A2,653
8,15,9297,A2,516
8,15,10205,A2,585
8,15,12950,A4,818
8,15,14500,A1,491
8,15,16607,A2,486
8,15,18773,A2,590
8,15,19755,A2,488
8,15,21069,A2,693
8,15,23148,A2,598
8,15,26302,A3,609
8,15,28076,A4,724
8,16,2026,A4,888
8,16,5203,A4,898
8,16,8757,A2,420
8,16,10721,A4,681
8,16,13999,A4,679
8,16,16824,A1,528
8,16,18065,A2,417
8,16,19998,A4,771
8,16,23149,A4,661
8,16,26907,A2,429
8,16,27760,A4,600
8,17,1245,A2,620
8,17,2947,A4,711
8,17,5989,A4,875
8,17,9205,A2,456
8,17,9931,A4,638
8,17,12637,A2,567
8,17,16911,A4,736
8,17,18228,A4,645
8,17,19247,A2,412
8,17,21837,A1,408
8,17,25339,A3,611
8,17,27671,A2,383
8,17,28387,A4,413
8,18,1623,A2,611
8,18,5402,A4,653
8,18,6836,A3,853
8,18,9109,A2,585
8,18,10646,A2,609
8,18,15172,A4,799
8,18,18067,A2,371
8,18,18838,A3,806
8,18,21040,A4,642
8,18,24972,A4,695
8,18,26157,A4,676
8,18,28257,A2,543
8,19,1242,A4,744
8,19,3635,A3,815
8,19,6952,A4,619
8,19,9177,A2,362
8,19,10302,A2,605
8,19,15055,A4,664
8,19,17623,A4,703
8,19,18490,A2,572
8,19,21359,A1,506
8,19,23912,A4,708
8,19,25880,A4,648
8,19,27910,A2,458
8,20,2964,A4,687
8,20,7658,A2,518
8,20,8541,A1,538
8,20,14314,A2,675
8,20,16389,A2,519
8,20,23873,A2,539
8,20,24808,A4,770
8,21,1820,A3,756
8,21,3986,A4,735
8,21,7468,A2,685
8,21,9154,A2,450
8,21,11501,A2,592
8,21,13752,A2,602
8,21,17770,A2,535
8,21,18466,A2,719
8,21,21411,A2,582
8,21,24044,A2,545
8,21,27151,A2,462
8,21,27739,A2,646
8,22,1868,A2,617
8,22,2723,A2,672
8,22,5163,A4,696
8,22,8176,A4,754
8,22,9717,A2,532
8,22,11300,A1,486
8,22,13941,A2,491
8,22,17540,A2,673
8,22,18885,A2,529
8,22,20573,A4,746
8,22,23373,A2,701
8,22,25418,A2,544
8,22,27174,A1,571
8,23,616,A3,692
8,23,5868,A4,867
8,23,8317,A4,840
8,23,9384,A2,510
8,23,13037,A2,597
8,23,17477,A2,527
8,23,18768,A3,881
8,23,23985,A4,792
8,23,26642,A2,457
8,23,27593,A4,862
8,24,609,A3,633
8,24,4777,A3,844
8,24,7531,A2,560
8,24,9029,A2,535
8,24,11125,A2,515
8,24,13709,A4,669
8,24,16754,A2,512
8,24,18253,A2,567
8,24,19944,A4,807
8,24,22484,A3,821
8,24,25866,A2,711
8,24,28131,A2,521
8,25,990,A4,722
8,25,2930,A4,857
8,25,5467,A4,869
8,25,8971,A2,588
8,25,10021,A2,501
8,25,11415,A4,704
8,25,13936,A1,511
8,25,16421,A1,499
8,25,19219,A4,769
8,25,20607,A2,505
8,25,23429,A2,604
8,25,25458,A4,652
8,25,27590,A2,516
8,26,1753,A4,603
8,26,5796,A2,489
8,26,8063,A2,405
8,26,12098,A4,897
8,26,13674,A4,824
8,26,17189,A2,435
8,26,19833,A4,792
8,26,24538,A4,726
8,26,26135,A2,493
8,26,27731,A4,795
8,27,570,A4,757
8,27,3000,A4,875
8,27,5800,A4,787
8,27,9187,A2,683
8,27,10080,A2,553
8,27,11935,A2,567
8,27,14858,A4,853
8,27,16551,A4,700
8,27,19725,A2,423
8,27,20561,A2,512
8,27,21679,A4,605
8,27,24149,A2,563
8,27,26242,A4,806
8,28,4865,A1,542
8,28,7527,A2,469
8,28,12687,A3,623
8,28,15605,A2,475
8,28,23066,A2,579
8,28,25360,A2,702
8,29,759,A4,899
8,29,6138,A4,801
8,29,7366,A4,798
8,29,9497,A2,532
8,29,11405,A4,843
8,29,14593,A4,708
8,29,18580,A2,418
8,29,20017,A4,619
8,29,23709,A4,857
8,29,25389,A3,725
8,29,28171,A2,463
8,30,615,A2,566
8,30,3225,A2,681
8,30,6958,A2,553
8,30,8355,A4,687
8,30,9458,A2,360
8,30,12170,A2,694
8,30,14061,A2,688
8,30,17794,A2,648
8,30,18813,A2,435
8,30,21478,A4,636
8,30,23441,A3,662
8,30,25328,A3,873
8,30,28405,A2,395
8,31,790,A2,488
8,31,3158,A4,782
8,31,5042,A2,557
8,31,7790,A2,646
8,31,9444,A2,409
8,31,10588,A2,539
8,31,12563,A1,574
8,31,14197,A4,713
8,31,16145,A2,705
8,31,19153,A2,689
8,31,20052,A2,376
8,31,22003,A2,704
8,31,24706,A4,795
8,31,27073,A3,769
8,31,28576,A2,224
9,1,636,A2,536
9,1,3321,A2,637
9,1,6020,A4,712
9,1,8863,A2,422
9,1,9649,A2,535
9,1,13051,A4,835
9,1,15569,A2,605
9,1,17623,A2,563
9,1,18823,A2,493
9,1,21661,A2,523
9,1,23759,A2,547
9,1,26469,A2,593
9,1,27951,A2,584
9,2,2463,A2,642
9,2,6357,A4,887
9,2,8339,A2,651
9,2,9179,A2,375
9,2,13937,A1,404
9,2,15741,A3,662
9,2,17606,A2,457
9,2,20331,A2,716
9,2,24351,A2,706
9,2,26328,A4,695
9,2,27159,A2,438
9,3,377,A2,704
9,3,4966,A2,495
9,3,8163,A2,594
9,3,11711,A2,616
9,3,16359,A2,381
9,3,18455,A2,531
9,3,21548,A2,642
9,3,24899,A2,596
9,3,27532,A2,717
9,4,2239,A2,621
9,4,5471,A2,664
9,4,7906,A2,690
9,4,8974,A2,506
9,4,13239,A2,493
9,4,14726,A2,542
9,4,17501,A2,533
9,4,18489,A2,690
9,4,23754,A4,630
9,4,25766,A2,710
9,4,27064,A2,480
9,5,6964,A2,547
9,5,13125,A2,605
9,5,15081,A2,400
9,5,21341,A3,626
9,5,23107,A2,371
9,6,223,A2,671
9,6,3442,A2,590
9,6,6216,A2,715
9,6,7897,A2,704
9,6,9651,A2,482
9,6,11667,A3,861
9,6,14533,A4,674
9,6,16414,A2,700
9,6,19354,A2,584
9,6,20072,A3,632
9,6,21851,A2,546
9,6,25138,A4,876
9,6,26977,A3,695
9,7,2092,A2,539
9,7,5011,A2,577
9,7,8080,A2,475
9,7,11510,A1,510
9,7,15667,A3,769
9,7,16806,A2,366
9,7,19720,A2,506
9,7,23720,A1,538
9,7,25195,A2,420
9,7,28198,A2,602
9,8,2628,A4,807
9,8,5237,A2,661
9,8,7792,A4,837
9,8,9276,A2,375
9,8,12479,A2,558
9,8,16009,A4,747
9,8,17949,A2,376
9,8,19939,A4,669
9,8,24636,A2,704
9,8,26670,A2,576
9,8,28682,A1,118
9,9,2659,A2,619
9,9,7223,A4,874
9,9,8457,A2,384
9,9,15827,A2,595
9,9,17389,A1,468
9,9,23876,A2,554
9,9,24535,A2,635
9,10,1686,A2,650
9,10,4706,A4,855
9,10,6930,A1,364
9,10,8861,A2,545
9,10,10775,A4,724
9,10,13630,A2,658
9,10,17788,A2,401
9,10,19652,A2,689
9,10,21846,A2,566
9,10,24211,A2,536
9,10,26959,A2,417
9,10,27600,A2,521
9,11,664,A2,659
9,11,6440,A2,645
9,11,8303,A2,514
9,11,12541,A2,660
9,11,16477,A2,392
9,11,19117,A1,537
9,11,24406,A2,599
9,11,25663,A2,596
9,11,28709,A2,91
9,12,5914,A2,547
9,12,7525,A2,516
9,12,15041,A2,541
9,12,19397,A2,668
9,12,23236,A2,532
9,13,2393,A2,522
9,13,4739,A4,626
9,13,8133,A2,432
9,13,11054,A4,851
9,13,13777,A2,693
9,13,17088,A2,367
9,13,21039,A2,648
9,13,24110,A3,653
9,13,25742,A2,488
9,13,28005,A4,603
9,14,269,A4,705
9,14,4162,A2,671
9,14,6569,A2,572
9,14,8947,A2,554
9,14,11714,A3,746
9,14,14693,A1,498
9,14,17738,A2,369
9,14,18247,A2,553
9,14,20425,A3,816
9,14,23208,A3,720
9,14,26797,A2,694
9,14,27855,A2,543
9,15,672,A3,816
9,15,7780,A2,556
9,15,10475,A4,757
9,15,16065,A2,597
9,15,18836,A4,811
9,15,20921,A4,678
9,15,25151,A2,419
9,16,2358,A2,716
9,16,4363,A1,406
9,16,8093,A2,511
9,16,10855,A4,666
9,16,15669,A1,409
9,16,16644,A2,569
9,16,20559,A2,546
9,16,23751,A2,530
9,16,25282,A2,388
9,16,27371,A2,486
9,17,1666,A3,617
9,17,7595,A2,456
9,17,10064,A4,840
9,17,15884,A2,562
9,17,17153,A2,711
9,17,23199,A3,812
9,17,24962,A2,563
9,18,1347,A4,766
9,18,4580,A2,501
9,18,7013,A2,541
9,18,8359,A2,627
9,18,9434,A2,382
9,18,11381,A4,757
9,18,14507,A2,692
9,18,16963,A2,535
9,18,18800,A2,362
9,18,20010,A3,661
9,18,23849,A1,530
9,18,25810,A4,639
9,18,27964,A2,364
9,19,1204,A1,443
9,19,7442,A2,585
9,19,9875,A2,493
9,19,14887,A4,880
9,19,16386,A2,525
9,19,21024,A4,692
9,19,23774,A4,680
9,19,25269,A2,378
9,20,126,A3,769
9,20,5101,A2,683
9,20,7976,A1,398
9,20,8814,A2,520
9,20,11529,A4,608
9,20,15427,A4,653
9,20,17560,A2,586
9,20,19543,A4,785
9,20,22788,A2,522
9,20,25228,A2,525
9,20,26950,A2,442
9,20,27623,A2,590
9,21,692,A2,632
9,21,6064,A1,490
9,21,8107,A2,454
9,21,10116,A1,567
9,21,14886,A4,789
9,21,16910,A2,530
9,21,17626,A4,880
9,21,21085,A2,521
9,21,25841,A2,453
9,21,27663,A4,708
9,22,3171,A1,524
9,22,7173,A2,569
9,22,8078,A2,571
9,22,14270,A2,566
9,22,16215,A2,545
9,22,17474,A2,660
9,22,24399,A2,566
9,22,25371,A2,650
9,23,1368,A4,765
9,23,3592,A2,513
9,23,6821,A2,580
9,23,8843,A2,487
9,23,9785,A2,697
9,23,13058,A2,680
9,23,15016,A4,737
9,23,18423,A2,566
9,23,19140,A4,650
9,23,23217,A1,433
9,23,24714,A3,686
9,23,27751,A2,415
9,24,364,A1,382
9,24,6759,A1,472
9,24,7832,A2,568
9,24,12401,A4,826
9,24,16191,A2,382
9,24,21183,A4,757
9,24,24309,A2,402
9,24,27375,A4,819
9,25,4147,A4,793
9,25,6585,A4,692
9,25,8463,A2,389
9,25,15824,A2,465
9,25,17151,A1,517
9,25,20922,A2,551
9,25,24329,A2,465
9,26,871,A4,769
9,26,4156,A2,633
9,26,7611,A3,897
9,26,9263,A2,507
9,26,12147,A4,671
9,26,15478,A4,676
9,26,18089,A2,587
9,26,21763,A2,709
9,26,24993,A3,634
9,26,27012,A2,528
9,27,4634,A1,524
9,27,7488,A2,582
9,27,15056,A2,421
9,27,20962,A4,834
9,27,23304,A2,588
9,27,26825,A2,508
9,28,689,A4,734
9,28,6551,A3,660
9,28,8358,A2,506
9,28,15826,A4,661
9,28,21614,A2,678
9,28,22618,A4,891
9,28,25059,A2,430
9,29,1343,A2,526
9,29,4526,A4,833
9,29,5628,A2,704
9,29,9034,A2,562
9,29,10352,A2,594
9,29,12906,A2,585
9,29,14370,A4,630
9,29,18391,A2,392
9,29,18902,A2,615
9,29,20609,A2,486
9,29,22562,A4,721
9,29,26786,A2,527
9,29,28118,A2,419
9,30,3031,A3,867
9,30,7859,A2,596
9,30,10115,A3,855
9,30,14126,A2,629
9,30,16939,A2,519
9,30,22114,A3,839
9,30,25262,A2,488
10,1,4438,A3,858
10,1,6248,A1,428
10,1,8278,A2,526
10,1,14233,A4,867
10,1,16636,A2,483
10,1,18240,A1,423
10,1,24528,A2,434
10,1,26646,A4,732
10,2,2936,A4,895
10,2,7866,A2,492
10,2,9643,A4,722
10,2,13140,A2,667
10,2,16747,A2,505
10,2,22401,A4,873
10,2,25118,A2,448
10,2,27800,A3,737
10,3,5193,A2,482
10,3,7117,A2,496
10,3,7956,A2,428
10,3,13586,A1,525
10,3,15888,A2,453
10,3,23327,A2,595
10,3,24874,A2,554
10,4,2499,A1,423
10,4,6470,A2,657
10,4,7502,A4,707
10,4,8786,A2,446
10,4,12239,A4,765
10,4,16346,A2,562
10,4,17552,A2,518
10,4,22362,A3,682
10,4,25731,A2,560
10,4,26634,A2,528
10,4,28780,A3,20
10,5,489,A2,529
10,5,5208,A4,663
10,5,8170,A2,566
10,5,11603,A4,702
10,5,16046,A2,537
10,5,16954,A2,506
10,5,20838,A4,657
10,5,25110,A2,600
10,5,27111,A3,691
10,6,2624,A2,593
10,6,5415,A2,688
10,6,8252,A2,600
10,6,10267,A1,568
10,6,12455,A4,608
10,6,16773,A4,887
10,6,17880,A2,494
10,6,19054,A3,656
10,6,23202,A2,572
10,6,26567,A2,507
10,6,27676,A2,541
10,7,1063,A2,652
10,7,5499,A4,767
10,7,8390,A2,442
10,7,10254,A1,506
10,7,12195,A1,500
10,7,16817,A2,572
10,7,18758,A4,757
10,7,22549,A2,496
10,7,25614,A2,568
10,7,27103,A4,671
10,7,28435,A2,365
10,8,811,A2,693
10,8,3860,A4,852
10,8,6633,A2,552
10,8,7970,A3,636
10,8,9725,A2,440
10,8,12055,A2,674
10,8,14808,A2,517
10,8,17744,A4,681
10,8,19009,A2,390
10,8,19970,A4,687
10,8,22263,A2,599
10,8,24171,A2,524
10,8,27845,A2,599
10,9,1721,A2,582
10,9,5026,A2,699
10,9,8084,A2,553
10,9,8819,A2,434
10,9,12824,A3,801
10,9,15710,A2,648
10,9,17667,A2,550
10,9,19617,A2,713
10,9,24509,A2,630
10,9,26546,A2,419
10,10,1924,A2,517
10,10,7495,A2,364
10,10,8580,A2,669
10,10,12308,A2,628
10,10,16142,A2,365
10,10,18188,A1,375
10,10,23448,A2,616
10,10,24477,A2,452
10,10,26652,A1,402
10,11,2533,A2,718
10,11,4630,A2,568
10,11,7866,A3,706
10,11,8956,A2,545
10,11,11664,A2,611
10,11,14571,A2,542
10,11,17626,A2,438
10,11,18604,A1,553
10,11,22740,A2,663
10,11,25210,A3,653
10,11,26919,A2,466
10,12,1641,A4,711
10,12,4585,A4,757
10,12,8432,A2,421
10,12,12661,A2,490
10,12,16329,A2,487
10,12,18342,A2,555
10,12,21544,A3,679
10,12,25015,A2,591
10,12,28553,A2,247
10,13,2351,A2,524
10,13,3617,A2,706
10,13,8208,A2,533
10,13,9130,A4,627
10,13,13422,A3,661
10,13,15675,A4,786
10,13,17787,A2,500
10,13,19673,A2,593
10,13,22492,A2,661
10,13,26541,A2,438
10,13,27725,A4,663
10,14,1942,A4,651
10,14,4332,A2,695
10,14,8331,A2,435
10,14,8875,A4,626
10,14,11912,A2,719
10,14,16159,A2,624
10,14,17721,A2,361
10,14,19629,A2,706
10,14,22974,A2,647
10,14,26428,A2,410
10,14,27370,A2,697
10,15,3720,A4,675
10,15,7653,A2,369
10,15,10420,A4,633
10,15,12201,A4,613
10,15,16233,A2,430
10,15,19523,A4,715
10,15,24357,A2,458
10,15,27343,A3,735
10,16,2509,A4,759
10,16,7737,A2,416
10,16,8531,A2,639
10,16,12555,A4,736
10,16,16500,A2,395
10,16,19276,A1,412
10,16,23044,A4,854
10,16,25161,A2,369
10,16,27669,A4,810
10,17,2722,A2,551
10,17,7522,A2,368
10,17,9906,A2,673
10,17,15549,A2,574
10,17,18031,A4,781
10,17,23257,A4,673
10,17,24549,A2,490
10,17,28274,A3,526
10,18,3916,A4,731
10,18,7716,A2,361
10,18,12547,A4,785
10,18,15841,A2,360
10,18,23173,A2,441
10,18,25235,A4,803
10,19,4241,A2,609
10,19,6468,A3,639
10,19,8212,A2,372
10,19,11580,A2,506
10,19,16069,A2,386
10,19,19332,A2,541
10,19,23989,A2,521
10,19,26274,A2,699
10,20,3436,A2,626
10,20,7128,A2,698
10,20,8316,A2,386
10,20,12496,A2,562
10,20,14906,A2,555
10,20,16784,A2,435
10,20,20138,A2,555
10,20,21855,A2,596
10,20,25370,A2,520
10,21,1204,A1,513
10,21,4208,A2,718
10,21,5854,A4,725
10,21,8941,A2,464
10,21,9808,A4,674
10,21,12634,A2,516
10,21,13311,A2,574
10,21,17350,A2,513
10,21,18165,A1,578
10,21,19225,A2,507
10,21,21213,A4,786
10,21,25194,A2,558
10,21,27677,A2,708
10,21,28749,A2,51
10,22,2586,A4,607
10,22,4470,A2,602
10,22,8173,A2,509
10,22,12361,A4,801
10,22,14761,A2,703
10,22,17179,A2,498
10,22,19182,A2,697
10,22,22987,A2,716
10,22,26076,A2,385
10,22,27235,A4,639
10,23,2904,A2,522
10,23,7521,A2,505
10,23,8247,A4,790
10,23,13013,A4,642
10,23,16451,A2,383
10,23,17675,A3,871
10,23,24531,A3,706
10,23,25404,A2,534
10,24,2827,A2,678
10,24,5116,A3,804
10,24,8446,A2,590
10,24,14321,A2,596
10,24,16115,A1,391
10,24,16988,A2,551
10,24,23588,A3,835
10,24,25353,A2,360
10,24,27418,A4,725
10,25,5274,A4,643
10,25,7607,A2,508
10,25,12438,A4,603
10,25,15718,A2,600
10,25,19546,A3,857
10,25,24168,A2,467
10,25,26102,A4,723
10,26,1333,A4,765
10,26,3921,A2,633
10,26,6794,A2,637
10,26,8215,A2,654
10,26,9688,A2,498
10,26,12062,A2,494
10,26,15958,A2,525
10,26,16953,A3,899
10,26,19090,A2,569
10,26,21234,A2,534
10,26,23249,A4,629
10,26,26013,A4,791
10,26,28578,A2,222
10,27,2568,A2,718
10,27,5254,A1,558
10,27,8261,A2,458
10,27,9577,A4,636
10,27,14644,A4,814
10,27,17169,A2,544
10,27,18361,A4,824
10,27,22076,A4,656
10,27,24640,A1,556
10,27,26735,A2,397
10,28,993,A2,711
10,28,6367,A3,837
10,28,8533,A2,397
10,28,12644,A4,788
10,28,14615,A4,620
10,28,17303,A2,488
10,28,19150,A3,781
10,28,23018,A1,486
10,28,26044,A2,539
10,29,1816,A4,757
10,29,4299,A1,421
10,29,8177,A2,553
10,29,9136,A2,594
10,29,11214,A2,687
10,29,14316,A2,484
10,29,17341,A2,489
10,29,17956,A2,460
10,29,22505,A3,747
10,29,24679,A2,487
10,29,26636,A2,527
10,30,307,A2,626
10,30,3747,A2,692
10,30,7348,A4,875
10,30,9171,A2,524
10,30,11886,A2,692
10,30,15270,A4,862
10,30,17837,A1,476
10,30,18704,A2,460
10,30,21481,A2,674
10,30,24346,A2,705
10,30,27529,A2,572
10,31,2078,A2,539
10,31,3688,A2,581
10,31,7573,A2,557
10,31,8662,A2,448
10,31,11518,A2,670
10,31,14400,A2,585
10,31,17036,A2,541
10,31,17871,A2,541
10,31,22662,A3,654
10,31,24688,A3,860
10,31,26926,A2,528
10,31,28294,A2,506
11,1,1162,A1,384
11,1,3649,A4,835
11,1,8197,A2,534
11,1,8920,A2,564
11,1,12502,A3,885
11,1,16634,A2,515
11,1,17674,A2,552
11,1,21082,A2,672
11,1,24792,A2,539
11,1,26416,A2,452
11,1,28615,A4,185
11,2,3055,A4,743
11,2,7274,A1,405
11,2,8147,A2,565
11,2,11673,A2,673
11,2,15979,A2,691
11,2,17076,A2,499
11,2,23651,A2,590
11,2,25130,A2,574
11,2,26009,A4,748
11,3,1379,A3,673
11,3,4095,A2,653
11,3,7583,A2,657
11,3,8947,A2,396
11,3,10446,A4,815
11,3,12510,A2,531
11,3,16353,A3,843
11,3,18532,A2,572
11,3,20126,A2,624
11,3,21387,A2,640
11,3,24415,A1,444
11,3,27777,A2,499
11,3,28665,A4,135
11,4,1511,A2,492
11,4,7491,A2,577
11,4,9826,A3,810
11,4,14135,A2,501
11,4,16344,A2,491
11,4,19341,A2,651
11,4,24465,A2,415
11,4,25223,A2,617
11,5,1473,A4,811
11,5,7803,A2,597
11,5,11817,A1,560
11,5,15635,A4,663
11,5,16588,A2,513
11,5,22911,A2,521
11,5,24615,A2,585
11,6,2254,A1,439
11,6,5545,A4,835
11,6,8273,A2,429
11,6,9577,A2,593
11,6,11872,A1,586
11,6,16384,A2,655
11,6,17522,A2,512
11,6,20351,A2,665
11,6,23200,A2,562
11,6,25666,A2,587
11,6,26827,A2,363
11,7,5071,A4,866
11,7,7830,A2,468
11,7,11085,A1,466
11,7,15736,A2,366
11,7,21727,A4,865
11,7,23967,A2,583
11,7,25380,A4,617
11,8,1599,A4,651
11,8,7629,A2,540
11,8,8695,A3,835
11,8,14146,A4,832
11,8,16815,A2,392
11,8,20169,A1,401
11,8,23929,A2,606
11,8,25214,A2,552
11,8,26705,A3,708
11,9,2450,A1,578
11,9,7556,A2,429
11,9,9882,A2,555
11,9,11375,A2,652
11,9,16185,A2,448
11,9,21526,A2,490
11,9,22576,A2,514
11,9,24637,A2,575
11,10,2271,A4,768
11,10,5422,A2,607
11,10,8346,A2,436
11,10,11393,A2,497
11,10,16244,A2,491
11,10,17036,A2,526
11,10,19137,A2,718
11,10,22333,A2,480
11,10,25431,A2,599
11,10,28435,A4,365
11,11,720,A2,487
11,11,7458,A2,498
11,11,8167,A3,832
11,11,12849,A1,435
11,11,16209,A2,558
11,11,20673,A2,658
11,11,23488,A3,813
11,11,25231,A2,530
11,12,426,A2,481
11,12,4604,A3,634
11,12,7246,A2,630
11,12,8730,A2,413
11,12,9977,A3,839
11,12,13353,A4,862
11,12,15191,A2,483
11,12,18299,A2,398
11,12,21784,A2,683
11,12,24518,A2,690
11,12,27070,A2,394
11,12,28500,A2,300
11,13,346,A4,884
11,13,5024,A4,699
11,13,8582,A2,402
11,13,12351,A2,642
11,13,16626,A2,407
11,13,17331,A4,806
11,13,18903,A2,569
11,13,25286,A4,771
11,13,26158,A2,439
11,14,4973,A4,640
11,14,7604,A2,408
11,14,9714,A1,574
11,14,15579,A2,593
11,14,17135,A4,701
11,14,21735,A4,636
11,14,24509,A2,570
11,14,28524,A3,276
11,15,181,A2,613
11,15,4756,A2,660
11,15,7978,A2,638
11,15,8889,A2,587
11,15,11436,A2,597
11,15,14043,A3,630
11,15,17675,A2,445
11,15,19066,A3,625
11,15,20576,A4,780
11,15,25405,A2,690
11,15,27208,A2,454
11,15,28117,A2,638
11,16,2845,A4,820
11,16,7791,A2,515
11,16,12055,A4,663
11,16,15948,A2,479
11,16,18352,A2,706
11,16,23864,A4,739
11,16,24837,A2,376
11,17,83,A2,525
11,17,7489,A2,440
11,17,8594,A2,502
11,17,13905,A2,584
11,17,15980,A2,566
11,17,19945,A4,808
11,17,23584,A2,719
11,17,25052,A2,492
11,18,164,A4,708
11,18,6178,A4,742
11,18,8428,A2,448
11,18,12482,A3,695
11,18,15647,A2,604
11,18,17154,A2,485
11,18,19123,A2,498
11,18,25113,A4,783
11,18,27114,A4,717
11,19,2274,A2,506
11,19,3907,A2,480
11,19,7978,A2,451
11,19,9287,A4,865
11,19,11506,A2,679
11,19,15553,A3,811
11,19,17756,A2,403
11,19,19948,A4,668
11,19,23721,A3,897
11,19,26210,A4,664
11,19,27367,A2,402
11,20,1522,A4,689
11,20,7681,A2,415
11,20,9405,A2,690
11,20,14253,A2,506
11,20,16257,A2,361
11,20,20931,A3,706
11,20,24324,A2,531
11,20,27243,A3,856
11,21,1231,A2,548
11,21,4516,A2,613
11,21,8153,A2,378
11,21,8759,A4,673
11,21,11577,A2,655
11,21,15529,A2,586
11,21,17417,A2,452
11,21,18597,A2,571
11,21,20936,A4,751
11,21,24099,A3,732
11,21,26923,A2,523
11,22,976,A4,766
11,22,4014,A3,785
11,22,6478,A2,641
11,22,9170,A2,523
11,22,11398,A4,773
11,22,14057,A2,506
11,22,16950,A2,494
11,22,18459,A2,498
11,22,21176,A2,554
11,22,22766,A2,595
11,22,27001,A2,563
11,23,1498,A3,629
11,23,7607,A2,385
11,23,12133,A4,836
11,23,15828,A2,584
11,23,21652,A4,779
11,23,24163,A2,410
11,24,5421,A4,771
11,24,6682,A4,769
11,24,8511,A2,560
11,24,16071,A2,532
11,24,17828,A2,693
11,24,21703,A4,750
11,24,25032,A2,506
11,25,2782,A4,798
11,25,5981,A4,694
11,25,8456,A2,362
11,25,12955,A2,543
11,25,16326,A2,522
11,25,18752,A2,608
11,25,22588,A3,803
11,25,25245,A2,403
11,25,26300,A3,821
11,26,2855,A2,600
11,26,5898,A2,601
11,26,8186,A2,362
11,26,8930,A4,742
11,26,15870,A2,593
11,26,16869,A2,444
11,26,19812,A2,710
11,26,23032,A4,831
11,26,25847,A2,489
11,26,28324,A2,476
11,27,1133,A2,672
11,27,4858,A3,791
11,27,8427,A2,562
11,27,11313,A2,712
11,27,12844,A2,578
11,27,17112,A1,515
11,27,17759,A2,436
11,27,21188,A4,880
11,27,24759,A2,592
11,27,26632,A2,507
11,28,710,A4,695
11,28,5447,A2,616
11,28,8052,A1,479
11,28,8789,A2,589
11,28,11359,A2,593
11,28,16464,A4,767
11,28,17717,A2,536
11,28,20031,A2,641
11,28,22282,A2,521
11,28,26241,A1,498
11,28,26899,A2,464
11,29,1189,A2,519
11,29,3857,A2,665
11,29,8155,A2,407
11,29,8780,A1,368
11,29,10302,A2,686
11,29,13831,A1,476
11,29,17085,A2,491
11,29,19102,A2,589
11,29,21785,A3,628
11,29,23217,A2,705
11,29,26463,A2,438
11,29,28007,A2,577
11,30,276,A4,703
11,30,6351,A2,686
11,30,8381,A2,571
11,30,10555,A2,534
11,30,12476,A1,449
11,30,15934,A2,719
11,30,17626,A2,397
11,30,19830,A3,728
11,30,22272,A2,686
11,30,25923,A4,778
11,30,27215,A2,517
12,1,2764,A2,634
12,1,6671,A4,789
12,1,8408,A2,566
12,1,14007,A2,534
12,1,15150,A2,652
12,1,17153,A2,565
12,1,23934,A2,611
12,1,25294,A2,472
12,1,26116,A2,588
12,2,272,A2,667
12,2,5794,A4,775
12,2,8427,A2,509
12,2,14046,A2,599
12,2,15034,A4,827
12,2,17355,A2,417
12,2,20880,A2,624
12,2,25368,A2,420
12,3,6776,A3,882
12,3,7881,A2,467
12,3,15334,A2,420
12,3,19797,A4,639
12,3,23358,A2,371
12,4,2344,A2,503
12,4,7474,A2,516
12,4,12019,A4,898
12,4,15881,A2,429
12,4,18341,A1,430
12,4,20940,A2,672
12,4,24412,A2,457
12,5,3678,A4,762
12,5,7733,A2,577
12,5,12301,A3,849
12,5,16152,A2,572
12,5,18954,A4,850
12,5,22621,A2,545
12,5,25084,A2,373
12,6,374,A4,675
12,6,4832,A2,611
12,6,8257,A2,403
12,6,10613,A2,595
12,6,13392,A2,566
12,6,16542,A3,810
12,6,17603,A2,595
12,6,22524,A2,566
12,6,24358,A1,374
12,6,26103,A2,388
12,7,1676,A4,714
12,7,7699,A2,586
12,7,15250,A2,401
12,7,20727,A3,791
12,7,23414,A2,496
12,7,26718,A1,596
12,8,2555,A3,787
12,8,5196,A2,613
12,8,8371,A2,442
12,8,10847,A4,741
12,8,14132,A2,628
12,8,17168,A2,455
12,8,19293,A4,865
12,8,23662,A1,479
12,8,25960,A2,417
12,8,26489,A2,638
12,9,4571,A1,430
12,9,7401,A2,572
12,9,9174,A4,819
12,9,13588,A3,783
12,9,16575,A2,365
12,9,22694,A2,678
12,9,24583,A2,457
12,10,339,A4,700
12,10,6832,A3,606
12,10,8305,A2,579
12,10,10508,A2,531
12,10,14603,A3,619
12,10,17013,A2,575
12,10,18425,A4,713
12,10,25294,A2,495
12,10,26013,A2,638
12,11,2502,A4,697
12,11,6650,A4,639
12,11,8321,A2,567
12,11,13697,A2,520
12,11,16380,A2,525
12,11,17564,A3,851
12,11,21200,A2,606
12,11,23906,A2,562
12,11,25924,A2,436
12,11,28681,A4,119
12,12,1364,A2,537
12,12,6196,A4,647
12,12,8148,A2,435
12,12,10054,A1,487
12,12,16035,A2,589
12,12,17055,A4,679
12,12,21598,A4,662
12,12,24951,A2,497
12,13,1280,A2,501
12,13,5995,A2,508
12,13,7623,A2,642
12,13,8615,A2,478
12,13,13721,A1,560
12,13,16653,A2,369
12,13,18699,A4,736
12,13,21668,A4,805
12,13,25549,A2,497
12,13,27187,A2,546
12,14,3996,A2,712
12,14,7711,A2,556
12,14,8894,A4,671
12,14,13184,A4,639
12,14,16542,A2,508
12,14,19220,A2,492
12,14,23010,A1,484
12,14,24998,A2,466
12,15,787,A4,602
12,15,7587,A2,439
12,15,10525,A2,701
12,15,15720,A2,383
12,15,17370,A2,643
12,15,23344,A4,864
12,15,24610,A2,473
12,15,27366,A3,719
12,16,1526,A3,894
12,16,7004,A2,487
12,16,8345,A2,583
12,16,9936,A2,665
12,16,12789,A4,836
12,16,17415,A2,518
12,16,18899,A2,508
12,16,21966,A4,728
12,16,25571,A4,700
12,16,26855,A2,580
12,17,4542,A2,641
12,17,6444,A1,539
12,17,8151,A2,483
12,17,15529,A2,543
12,17,21098,A2,648
12,17,23762,A2,423
12,17,26222,A2,651
12,18,1378,A2,489
12,18,4125,A4,832
12,18,8306,A2,386
12,18,8993,A2,615
12,18,15796,A2,531
12,18,16831,A2,418
12,18,18712,A2,654
12,18,24347,A4,752
12,18,25620,A2,584
12,18,27353,A1,516
12,19,812,A1,538
12,19,6036,A4,672
12,19,8195,A2,550
12,19,13813,A2,669
12,19,16407,A2,430
12,19,19032,A4,882
12,19,24712,A2,520
12,19,25422,A3,732
12,20,2162,A2,596
12,20,5292,A2,583
12,20,8178,A2,598
12,20,10863,A1,468
12,20,16209,A2,489
12,20,18417,A4,720
12,20,20870,A3,745
12,20,25156,A2,472
12,21,2120,A2,570
12,21,7569,A2,538
12,21,15079,A2,397
12,21,20019,A2,710
12,21,21569,A2,526
12,21,23684,A2,547
12,22,4599,A3,747
12,22,7746,A2,387
12,22,12270,A2,485
12,22,15583,A2,392
12,22,16977,A1,526
12,22,22245,A4,830
12,22,24296,A2,504
12,23,6999,A2,366
12,23,12938,A3,710
12,23,15061,A2,494
12,23,21222,A4,726
12,23,23274,A2,554
12,24,2267,A2,562
12,24,3894,A3,787
12,24,7820,A4,894
12,24,9221,A2,360
12,24,13260,A4,755
12,24,15845,A2,601
12,24,17916,A2,586
12,24,20253,A1,508
12,24,23497,A2,629
12,24,26639,A2,488
12,24,27708,A2,568
12,25,4388,A2,631
12,25,5740,A2,640
12,25,8263,A2,466
12,25,12257,A2,630
12,25,16352,A2,515
12,25,17805,A2,648
12,25,24494,A2,417
12,25,27292,A1,507
12,26,2330,A2,502
12,26,7039,A2,670
12,26,8150,A2,497
12,26,9004,A2,493
12,26,16070,A2,674
12,26,20535,A4,634
12,26,22292,A2,719
12,26,25118,A2,379
12,26,27636,A4,827
12,27,5607,A3,815
12,27,7814,A2,481
12,27,9975,A2,600
12,27,15874,A2,366
12,27,16552,A4,886
12,27,21659,A4,894
12,27,25013,A2,428
12,28,3185,A1,480
12,28,7458,A2,437
12,28,14199,A4,758
12,28,15639,A2,429
12,28,20363,A4,611
12,28,23679,A2,592
12,28,28227,A3,573
12,29,1319,A4,671
12,29,3684,A4,795
12,29,8465,A2,394
12,29,9643,A2,556
12,29,13881,A2,558
12,29,16056,A2,489
12,29,17427,A2,394
12,29,19754,A1,511
12,29,24422,A2,641
12,29,25952,A2,532
12,29,27478,A2,600
12,30,1595,A2,605
12,30,6414,A2,510
12,30,8093,A2,534
12,30,12428,A2,665
12,30,15607,A3,673
12,30,16951,A2,482
12,30,18956,A4,779
12,30,24155,A2,656
12,30,25833,A2,464
12,31,2302,A2,622
12,31,7593,A2,379
12,31,9400,A2,585
12,31,15536,A2,446
12,31,21645,A2,591
12,31,23559,A2,526
